,Shape,Price,Carat,CutGrade,Color,Clarity,Delivery_date
0,Cushion,$363,0.30,Very Good,I,VS1,Feb 22
1,Cushion,$386,0.30,Very Good,J,VVS1,Feb 17
2,Cushion,$400,0.33,Very Good,J,VS1,Feb 17
3,Cushion,$403,0.40,Very Good,J,SI1,Feb 16
4,Cushion,$404,0.30,Very Good,I,VS1,Feb 17
5,Cushion,$406,0.32,Very Good,J,VVS1,Feb 17
6,Cushion,$409,0.35,Very Good,J,VS1,Feb 17
7,Cushion,$416,0.33,Very Good,J,VVS1,Feb 17
8,Cushion,$416,0.33,Very Good,J,VVS1,Feb 17
9,Cushion,$418,0.31,Very Good,D,SI2,Feb 17
10,Cushion,$420,0.30,Very Good,D,SI1,Feb 13
11,Cushion,$424,0.30,Very Good,D,SI2,Feb 17
12,Cushion,$424,0.30,Very Good,D,SI2,Feb 17
13,Cushion,$426,0.33,Very Good,H,VVS2,Feb 17
14,Cushion,$430,0.31,Very Good,H,VS2,Feb 17
15,Cushion,$431,0.40,Very Good,J,VS1,Feb 17
16,Cushion,$432,0.30,Very Good,F,VS2,Feb 17
17,Cushion,$432,0.32,Very Good,F,SI2,Feb 17
18,Cushion,$434,0.33,Very Good,J,VVS2,Feb 17
19,Cushion,$436,0.31,Very Good,I,VVS1,Feb 17
20,Cushion,$437,0.32,Very Good,G,SI1,Feb 17
21,Cushion,$439,0.30,Very Good,I,VVS2,Feb 17
22,Cushion,$442,0.30,Very Good,H,VS1,Feb 17
23,Cushion,$443,0.34,Very Good,H,VVS2,Feb 17
24,Cushion,$444,0.31,Very Good,F,VS1,Feb 17
25,Cushion,$446,0.33,Very Good,J,VVS1,Feb 20
26,Cushion,$448,0.30,Very Good,D,SI1,Feb 17
27,Cushion,$449,0.35,Very Good,I,VVS2,Feb 17
28,Cushion,$451,0.33,Very Good,H,VVS1,Feb 17
29,Cushion,$455,0.38,Very Good,I,SI1,Feb 17
30,Cushion,$456,0.23,Very Good,D,VS2,Feb 14
31,Cushion,$456,0.36,Very Good,J,VVS1,Feb 17
32,Cushion,$459,0.30,Very Good,D,SI1,Feb 17
33,Cushion,$462,0.32,Very Good,F,VS2,Feb 17
34,Cushion,$466,0.30,Very Good,D,SI1,Feb 17
35,Cushion,$466,0.33,Very Good,I,VVS2,Feb 17
36,Cushion,$468,0.32,Very Good,E,SI1,Feb 17
37,Cushion,$469,0.32,Very Good,D,SI2,Feb 17
38,Cushion,$469,0.30,Very Good,F,VVS2,Feb 17
39,Cushion,$472,0.40,Very Good,J,VS2,Feb 17
40,Cushion,$475,0.51,Very Good,J,SI1,Feb 17
41,Cushion,$475,0.50,Very Good,J,SI2,Feb 17
42,Cushion,$477,0.30,Very Good,H,VVS2,Feb 17
43,Cushion,$478,0.40,Very Good,I,VS2,Feb 17
44,Cushion,$478,0.40,Very Good,J,VS2,Feb 17
45,Cushion,$478,0.30,Very Good,H,VVS1,Feb 17
46,Cushion,$480,0.33,Very Good,I,VVS2,Feb 17
47,Cushion,$482,0.31,Very Good,I,VVS2,Feb 13
48,Cushion,$485,0.30,Very Good,E,VS1,Feb 17
49,Cushion,$486,0.31,Very Good,G,VS1,Feb 17
50,Cushion,$487,0.41,Very Good,J,SI1,Feb 17
51,Cushion,$489,0.41,Very Good,I,VS2,Feb 17
52,Cushion,$490,0.33,Very Good,E,SI1,Feb 17
53,Cushion,$492,0.40,Very Good,J,SI1,Feb 17
54,Cushion,$493,0.33,Very Good,I,VVS1,Feb 17
55,Cushion,$494,0.32,Very Good,E,VS2,Feb 17
56,Cushion,$495,0.32,Very Good,F,VVS2,Feb 17
57,Cushion,$496,0.30,Very Good,F,VS1,Feb 17
58,Cushion,$497,0.30,Very Good,G,VS1,Feb 17
59,Cushion,$501,0.41,Very Good,J,SI1,Feb 17
60,Cushion,$501,0.41,Very Good,J,SI1,Feb 17
61,Cushion,$501,0.30,Very Good,E,VVS2,Feb 17
62,Cushion,$501,0.41,Very Good,J,SI1,Feb 17
63,Cushion,$502,0.42,Very Good,J,SI1,Feb 17
64,Cushion,$502,0.30,Very Good,F,VS2,Feb 20
65,Cushion,$503,0.43,Very Good,J,VVS2,Feb 22
66,Cushion,$503,0.40,Very Good,J,VVS2,Feb 17
67,Cushion,$504,0.40,Very Good,J,VS2,Feb 17
68,Cushion,$505,0.34,Very Good,F,SI1,Feb 17
69,Cushion,$506,0.31,Very Good,E,VS1,Feb 17
70,Cushion,$506,0.41,Very Good,J,SI1,Feb 17
71,Cushion,$511,0.42,Very Good,J,VVS2,Feb 17
72,Cushion,$511,0.40,Very Good,J,VS2,Feb 17
73,Cushion,$512,0.33,Very Good,F,VS2,Feb 17
74,Cushion,$513,0.30,Very Good,D,VS2,Feb 17
75,Cushion,$514,0.50,Very Good,I,SI2,Feb 16
76,Cushion,$514,0.50,Very Good,I,SI2,Feb 16
77,Cushion,$514,0.50,Very Good,I,SI2,Feb 16
78,Cushion,$514,0.37,Very Good,F,SI1,Feb 17
79,Cushion,$514,0.37,Very Good,I,VS2,Feb 17
80,Cushion,$515,0.30,Very Good,G,VVS1,Feb 17
81,Cushion,$515,0.30,Very Good,E,VS1,Feb 17
82,Cushion,$515,0.30,Very Good,G,VVS1,Feb 17
83,Cushion,$515,0.40,Very Good,I,SI2,Feb 13
84,Cushion,$516,0.43,Very Good,J,VS2,Feb 13
85,Cushion,$516,0.32,Very Good,F,VS2,Feb 17
86,Cushion,$518,0.30,Very Good,E,VVS2,Feb 17
87,Cushion,$518,0.30,Very Good,E,VVS2,Feb 17
88,Cushion,$521,0.31,Very Good,E,VS1,Feb 17
89,Cushion,$521,0.30,Very Good,F,VS1,Feb 17
90,Cushion,$521,0.53,Very Good,I,SI2,Feb 17
91,Cushion,$522,0.32,Very Good,G,VVS1,Feb 17
92,Cushion,$522,0.50,Very Good,J,SI1,Feb 16
93,Cushion,$522,0.40,Very Good,I,VS2,Feb 17
94,Cushion,$523,0.39,Very Good,H,VS2,Feb 20
95,Cushion,$523,0.30,Very Good,G,VVS1,Feb 17
96,Cushion,$523,0.33,Very Good,H,VS1,Feb 17
97,Cushion,$524,0.36,Very Good,F,VS2,Feb 17
98,Cushion,$524,0.42,Very Good,I,VS2,Feb 17
99,Cushion,$524,0.33,Very Good,F,VS1,Feb 17
100,Cushion,$525,0.50,Very Good,I,SI2,Feb 16
101,Cushion,$525,0.41,Very Good,H,VS2,Feb 17
102,Cushion,$526,0.32,Very Good,D,VS2,Feb 17
103,Cushion,$527,0.32,Very Good,G,VVS1,Feb 17
104,Cushion,$527,0.30,Very Good,E,VS2,Feb 17
105,Cushion,$528,0.50,Very Good,G,SI2,Feb 16
106,Cushion,$528,0.33,Very Good,E,VS1,Feb 17
107,Cushion,$529,0.34,Very Good,G,VS1,Feb 17
108,Cushion,$529,0.34,Very Good,E,VS2,Feb 17
109,Cushion,$530,0.41,Very Good,I,VS2,Feb 17
110,Cushion,$530,0.50,Very Good,I,SI1,Feb 14
111,Cushion,$531,0.32,Very Good,F,VVS2,Feb 17
112,Cushion,$531,0.40,Very Good,H,SI1,Feb 17
113,Cushion,$531,0.32,Very Good,F,VS2,Feb 17
114,Cushion,$532,0.40,Very Good,H,VS2,Feb 17
115,Cushion,$533,0.33,Very Good,G,VVS1,Feb 17
116,Cushion,$533,0.34,Very Good,G,VVS2,Feb 16
117,Cushion,$533,0.31,Very Good,H,VS1,Feb 17
118,Cushion,$534,0.33,Very Good,E,VS2,Feb 17
119,Cushion,$535,0.32,Very Good,F,VVS2,Feb 17
120,Cushion,$535,0.40,Very Good,J,VS1,Feb 17
121,Cushion,$536,0.30,Very Good,D,VS1,Feb 17
122,Cushion,$536,0.30,Very Good,D,VS1,Feb 17
123,Cushion,$537,0.50,Very Good,H,SI2,Feb 16
124,Cushion,$537,0.30,Very Good,E,SI1,Feb 17
125,Cushion,$538,0.33,Very Good,F,VVS2,Feb 17
126,Cushion,$538,0.37,Very Good,H,VS2,Feb 17
127,Cushion,$538,0.38,Very Good,I,VS1,Feb 14
128,Cushion,$538,0.37,Very Good,H,VS2,Feb 17
129,Cushion,$538,0.37,Very Good,H,VS2,Feb 17
130,Cushion,$540,0.31,Very Good,D,VS1,Feb 17
131,Cushion,$540,0.50,Very Good,I,SI1,Feb 14
132,Cushion,$541,0.43,Very Good,J,VVS2,Feb 17
133,Cushion,$541,0.33,Very Good,D,VS2,Feb 17
134,Cushion,$542,0.31,Very Good,D,VS2,Feb 17
135,Cushion,$542,0.36,Very Good,H,VS1,Feb 17
136,Cushion,$542,0.31,Very Good,D,VS2,Feb 17
137,Cushion,$542,0.40,Very Good,H,VS2,Feb 17
138,Cushion,$542,0.31,Very Good,G,VVS2,Feb 17
139,Cushion,$543,0.42,Very Good,I,VS2,Feb 17
140,Cushion,$544,0.30,Very Good,D,VS2,Feb 17
141,Cushion,$544,0.51,Very Good,I,SI1,Feb 14
142,Cushion,$545,0.40,Very Good,J,VVS1,Feb 17
143,Cushion,$545,0.50,Very Good,J,SI1,Feb 16
144,Cushion,$545,0.40,Very Good,J,VVS1,Feb 17
145,Cushion,$545,0.38,Very Good,H,VS2,Feb 17
146,Cushion,$546,0.51,Very Good,I,SI2,Feb 16
147,Cushion,$546,0.36,Very Good,H,VVS1,Feb 17
148,Cushion,$547,0.44,Very Good,H,VS2,Feb 17
149,Cushion,$548,0.50,Very Good,H,SI2,Feb 16
150,Cushion,$548,0.30,Very Good,D,VS2,Feb 17
151,Cushion,$548,0.33,Very Good,F,VS2,Feb 17
152,Cushion,$549,0.50,Very Good,J,SI2,Feb 17
153,Cushion,$549,0.30,Very Good,E,VVS1,Feb 17
154,Cushion,$549,0.41,Very Good,J,VVS1,Feb 17
155,Cushion,$549,0.37,Very Good,I,VVS2,Feb 17
156,Cushion,$549,0.32,Very Good,D,SI1,Feb 14
157,Cushion,$550,0.36,Very Good,H,VVS1,Feb 17
158,Cushion,$550,0.41,Very Good,F,SI1,Feb 17
159,Cushion,$550,0.31,Very Good,F,VS1,Feb 17
160,Cushion,$551,0.38,Very Good,J,VVS1,Feb 17
161,Cushion,$552,0.40,Very Good,H,VS2,Feb 17
162,Cushion,$553,0.40,Very Good,J,VS1,Feb 20
163,Cushion,$553,0.41,Very Good,J,VS1,Feb 17
164,Cushion,$553,0.31,Very Good,G,VVS1,Feb 17
165,Cushion,$553,0.30,Very Good,D,VS1,Feb 17
166,Cushion,$553,0.30,Very Good,E,VVS1,Feb 17
167,Cushion,$553,0.32,Very Good,E,VVS2,Feb 16
168,Cushion,$554,0.34,Very Good,F,VS1,Feb 17
169,Cushion,$555,0.41,Very Good,J,VS1,Feb 17
170,Cushion,$555,0.40,Very Good,G,SI1,Feb 17
171,Cushion,$556,0.30,Very Good,D,VS2,Feb 17
172,Cushion,$556,0.40,Very Good,E,SI1,Feb 17
173,Cushion,$556,0.33,Very Good,E,VVS2,Feb 17
174,Cushion,$556,0.30,Very Good,D,VS2,Feb 17
175,Cushion,$556,0.35,Very Good,F,SI1,Feb 17
176,Cushion,$556,0.34,Very Good,F,VS2,Feb 17
177,Cushion,$557,0.32,Very Good,E,VS1,Feb 17
178,Cushion,$557,0.30,Very Good,D,VVS2,Feb 17
179,Cushion,$557,0.40,Very Good,I,VVS1,Feb 17
180,Cushion,$557,0.41,Very Good,J,VS1,Feb 17
181,Cushion,$557,0.42,Very Good,J,VVS2,Feb 17
182,Cushion,$558,0.34,Very Good,G,VS1,Feb 17
183,Cushion,$558,0.42,Very Good,H,VS2,Feb 17
184,Cushion,$558,0.40,Very Good,G,SI2,Feb 17
185,Cushion,$558,0.50,Very Good,G,SI2,Feb 16
186,Cushion,$558,0.32,Very Good,H,VVS1,Feb 17
187,Cushion,$559,0.32,Very Good,D,VS2,Feb 17
188,Cushion,$559,0.50,Very Good,J,VS2,Feb 16
189,Cushion,$559,0.50,Very Good,J,SI1,Feb 17
190,Cushion,$560,0.33,Very Good,E,VVS2,Feb 17
191,Cushion,$561,0.31,Very Good,F,VVS2,Feb 17
192,Cushion,$561,0.35,Very Good,G,VVS1,Feb 17
193,Cushion,$563,0.51,Very Good,I,SI1,Feb 22
194,Cushion,$564,0.51,Very Good,J,VS1,Feb 16
195,Cushion,$564,0.35,Very Good,H,VVS2,Feb 17
196,Cushion,$565,0.55,Very Good,I,SI1,Feb 14
197,Cushion,$566,0.53,Very Good,H,SI2,Feb 16
198,Cushion,$566,0.35,Very Good,E,VS2,Feb 17
199,Cushion,$566,0.50,Very Good,H,SI2,Feb 16
200,Cushion,$567,0.50,Very Good,J,VS2,Feb 17
201,Cushion,$568,0.44,Very Good,H,VS2,Feb 17
202,Cushion,$568,0.41,Very Good,G,SI2,Feb 17
203,Cushion,$568,0.40,Very Good,G,SI1,Feb 17
204,Cushion,$568,0.51,Very Good,J,SI2,Feb 17
205,Cushion,$569,0.50,Very Good,I,SI1,Feb 16
206,Cushion,$569,0.33,Very Good,G,VVS1,Feb 17
207,Cushion,$570,0.32,Very Good,G,VS1,Feb 17
208,Cushion,$570,0.50,Very Good,F,SI2,Feb 13
209,Cushion,$571,0.34,Very Good,G,VS1,Feb 17
210,Cushion,$571,0.32,Very Good,F,VVS1,Feb 17
211,Cushion,$571,0.33,Very Good,H,VVS1,Feb 17
212,Cushion,$572,0.50,Very Good,I,SI1,Feb 16
213,Cushion,$572,0.32,Very Good,D,VS2,Feb 17
214,Cushion,$572,0.35,Very Good,F,VS2,Feb 17
215,Cushion,$574,0.50,Very Good,G,SI2,Feb 22
216,Cushion,$576,0.32,Very Good,D,VS1,Feb 17
217,Cushion,$577,0.30,Very Good,D,VVS2,Feb 17
218,Cushion,$577,0.30,Very Good,D,VVS2,Feb 17
219,Cushion,$577,0.42,Very Good,J,VS1,Feb 17
220,Cushion,$577,0.50,Very Good,G,SI2,Feb 16
221,Cushion,$577,0.37,Very Good,I,VVS1,Feb 17
222,Cushion,$577,0.40,Very Good,F,SI1,Feb 17
223,Cushion,$577,0.30,Very Good,D,VVS2,Feb 17
224,Cushion,$578,0.43,Very Good,I,SI1,Feb 17
225,Cushion,$578,0.36,Very Good,H,VS1,Feb 17
226,Cushion,$579,0.50,Very Good,I,SI1,Feb 16
227,Cushion,$579,0.36,Very Good,D,VS1,Feb 17
228,Cushion,$579,0.51,Very Good,E,SI1,Feb 22
229,Cushion,$580,0.51,Very Good,J,VS1,Feb 17
230,Cushion,$580,0.32,Very Good,D,VS1,Feb 17
231,Cushion,$581,0.41,Very Good,F,SI1,Feb 17
232,Cushion,$581,0.30,Very Good,D,VVS2,Feb 17
233,Cushion,$581,0.30,Very Good,D,VVS2,Feb 17
234,Cushion,$581,0.37,Very Good,G,VS2,Feb 17
235,Cushion,$581,0.41,Very Good,H,VS2,Feb 17
236,Cushion,$582,0.54,Very Good,H,SI2,Feb 16
237,Cushion,$582,0.40,Very Good,F,SI1,Feb 17
238,Cushion,$585,0.42,Very Good,H,SI1,Feb 17
239,Cushion,$586,0.36,Very Good,E,SI1,Feb 17
240,Cushion,$588,0.35,Very Good,F,VS1,Feb 17
241,Cushion,$589,0.38,Very Good,G,VS2,Feb 17
242,Cushion,$590,0.32,Very Good,D,VS1,Feb 17
243,Cushion,$591,0.41,Very Good,F,SI1,Feb 17
244,Cushion,$592,0.40,Very Good,F,SI1,Feb 17
245,Cushion,$592,0.55,Very Good,H,SI2,Feb 16
246,Cushion,$592,0.50,Very Good,J,VS2,Feb 17
247,Cushion,$594,0.54,Very Good,I,SI1,Feb 17
248,Cushion,$594,0.43,Very Good,H,SI1,Feb 17
249,Cushion,$594,0.33,Very Good,F,VS1,Feb 17
250,Cushion,$595,0.42,Very Good,E,SI1,Feb 17
251,Cushion,$595,0.42,Very Good,H,VS2,Feb 17
252,Cushion,$597,0.35,Very Good,G,VS1,Feb 17
253,Cushion,$598,0.42,Very Good,I,VVS1,Feb 22
254,Cushion,$598,0.50,Very Good,J,VS1,Feb 16
255,Cushion,$598,0.33,Very Good,F,VVS1,Feb 17
256,Cushion,$599,0.51,Very Good,J,VVS2,Feb 17
257,Cushion,$600,0.35,Very Good,D,VS1,Feb 16
258,Cushion,$601,0.54,Very Good,I,SI2,Feb 16
259,Cushion,$601,0.50,Very Good,I,SI1,Feb 16
260,Cushion,$602,0.50,Very Good,J,VS2,Feb 10
261,Cushion,$603,0.31,Very Good,G,IF,Feb 17
262,Cushion,$603,0.33,Very Good,D,VS1,Feb 17
263,Cushion,$603,0.33,Very Good,D,VS1,Feb 17
264,Cushion,$603,0.31,Very Good,G,IF,Feb 17
265,Cushion,$603,0.33,Very Good,F,VS1,Feb 17
266,Cushion,$604,0.32,Very Good,F,VVS1,Feb 17
267,Cushion,$606,0.40,Very Good,F,SI1,Feb 17
268,Cushion,$606,0.41,Very Good,F,SI1,Feb 17
269,Cushion,$606,0.31,Very Good,D,VVS2,Feb 17
270,Cushion,$606,0.40,Very Good,E,SI1,Feb 17
271,Cushion,$607,0.33,Very Good,G,VVS1,Feb 17
272,Cushion,$608,0.47,Very Good,I,SI2,Feb 17
273,Cushion,$608,0.41,Very Good,I,SI1,Feb 17
274,Cushion,$608,0.32,Very Good,D,VS1,Feb 17
275,Cushion,$609,0.50,Very Good,J,SI1,Feb 17
276,Cushion,$609,0.50,Very Good,I,VS1,Feb 14
277,Cushion,$609,0.50,Very Good,I,VS2,Feb 14
278,Cushion,$609,0.50,Very Good,I,VS1,Feb 14
279,Cushion,$610,0.37,Very Good,H,VS1,Feb 17
280,Cushion,$610,0.42,Very Good,F,SI2,Feb 17
281,Cushion,$610,0.41,Very Good,E,SI1,Feb 17
282,Cushion,$612,0.50,Very Good,J,VS2,Feb 20
283,Cushion,$612,0.34,Very Good,F,VS1,Feb 17
284,Cushion,$614,0.50,Very Good,I,SI1,Feb 16
285,Cushion,$614,0.53,Very Good,I,SI2,Feb 16
286,Cushion,$614,0.50,Very Good,I,SI2,Feb 16
287,Cushion,$614,0.42,Very Good,I,SI1,Feb 17
288,Cushion,$614,0.35,Very Good,G,VS1,Feb 17
289,Cushion,$615,0.49,Very Good,J,SI1,Feb 17
290,Cushion,$615,0.41,Very Good,J,VS2,Feb 13
291,Cushion,$616,0.42,Very Good,I,VS1,Feb 17
292,Cushion,$617,0.42,Very Good,E,SI1,Feb 17
293,Cushion,$617,0.50,Very Good,I,SI1,Feb 17
294,Cushion,$618,0.53,Very Good,G,SI2,Feb 22
295,Cushion,$618,0.32,Very Good,H,IF,Feb 17
296,Cushion,$619,0.40,Very Good,E,SI2,Feb 17
297,Cushion,$620,0.32,Very Good,D,VVS2,Feb 17
298,Cushion,$620,0.33,Very Good,D,VS2,Feb 17
299,Cushion,$621,0.35,Very Good,D,VS2,Feb 17
300,Cushion,$622,0.40,Very Good,I,VVS2,Feb 20
301,Cushion,$623,0.52,Very Good,I,SI1,Feb 16
302,Cushion,$623,0.40,Very Good,E,SI1,Feb 17
303,Cushion,$623,0.50,Very Good,H,SI1,Feb 22
304,Cushion,$623,0.33,Very Good,D,VVS2,Feb 16
305,Cushion,$624,0.40,Very Good,E,SI1,Feb 17
306,Cushion,$624,0.46,Very Good,I,VS2,Feb 17
307,Cushion,$625,0.46,Very Good,J,VS1,Feb 17
308,Cushion,$625,0.44,Very Good,G,SI1,Feb 17
309,Cushion,$625,0.40,Very Good,G,VS2,Feb 17
310,Cushion,$626,0.50,Very Good,G,SI2,Feb 16
311,Cushion,$626,0.52,Very Good,I,VVS2,Feb 14
312,Cushion,$626,0.40,Very Good,F,SI2,Feb 17
313,Cushion,$627,0.30,Very Good,D,VVS1,Feb 17
314,Cushion,$627,0.36,Very Good,H,VVS1,Feb 17
315,Cushion,$628,0.40,Very Good,I,VVS2,Feb 17
316,Cushion,$629,0.39,Very Good,F,VS1,Feb 16
317,Cushion,$629,0.50,Very Good,H,SI2,Feb 16
318,Cushion,$630,0.50,Very Good,H,SI1,Feb 16
319,Cushion,$630,0.39,Very Good,G,VS1,Feb 17
320,Cushion,$630,0.50,Very Good,I,SI1,Feb 22
321,Cushion,$631,0.30,Very Good,D,VVS1,Feb 17
322,Cushion,$631,0.40,Very Good,F,VS2,Feb 17
323,Cushion,$632,0.54,Very Good,I,SI1,Feb 16
324,Cushion,$635,0.41,Very Good,I,VVS1,Feb 20
325,Cushion,$635,0.51,Very Good,I,SI1,Feb 16
326,Cushion,$637,0.51,Very Good,J,VS2,Feb 20
327,Cushion,$637,0.52,Very Good,I,SI1,Feb 16
328,Cushion,$637,0.53,Very Good,I,VS2,Feb 14
329,Cushion,$637,0.43,Very Good,F,SI2,Feb 17
330,Cushion,$638,0.43,Very Good,D,SI1,Feb 17
331,Cushion,$638,0.35,Very Good,F,VS1,Feb 17
332,Cushion,$638,0.42,Very Good,H,VVS2,Feb 17
333,Cushion,$639,0.41,Very Good,E,SI1,Feb 17
334,Cushion,$640,0.51,Very Good,J,VS1,Feb 16
335,Cushion,$640,0.34,Very Good,D,VVS2,Feb 16
336,Cushion,$640,0.43,Very Good,I,VS1,Feb 16
337,Cushion,$640,0.50,Very Good,I,VS1,Feb 14
338,Cushion,$640,0.42,Very Good,F,SI2,Feb 17
339,Cushion,$642,0.38,Very Good,G,VS1,Feb 17
340,Cushion,$642,0.53,Very Good,J,VVS2,Feb 17
341,Cushion,$642,0.40,Very Good,F,VS2,Feb 17
342,Cushion,$643,0.50,Very Good,I,VS2,Feb 14
343,Cushion,$644,0.40,Very Good,F,SI1,Feb 17
344,Cushion,$645,0.50,Very Good,J,VS1,Feb 20
345,Cushion,$645,0.40,Very Good,F,VS1,Feb 17
346,Cushion,$645,0.40,Very Good,F,VS1,Feb 17
347,Cushion,$646,0.41,Very Good,E,VS2,Feb 17
348,Cushion,$646,0.40,Very Good,F,SI1,Feb 17
349,Cushion,$646,0.39,Very Good,E,VS1,Feb 17
350,Cushion,$646,0.40,Very Good,H,VVS1,Feb 17
351,Cushion,$647,0.52,Very Good,I,SI1,Feb 16
352,Cushion,$647,0.31,Very Good,D,VVS1,Feb 17
353,Cushion,$647,0.41,Very Good,F,VS2,Feb 17
354,Cushion,$647,0.41,Very Good,H,VS1,Feb 17
355,Cushion,$647,0.36,Very Good,G,VVS2,Feb 17
356,Cushion,$647,0.50,Very Good,H,VVS2,Feb 14
357,Cushion,$648,0.53,Very Good,I,SI1,Feb 16
358,Cushion,$648,0.42,Very Good,E,SI1,Feb 17
359,Cushion,$648,0.37,Very Good,D,SI1,Feb 17
360,Cushion,$649,0.40,Very Good,G,VS2,Feb 20
361,Cushion,$649,0.60,Very Good,J,SI2,Feb 16
362,Cushion,$650,0.53,Very Good,J,VS2,Feb 17
363,Cushion,$650,0.46,Very Good,J,VVS1,Feb 21
364,Cushion,$650,0.40,Very Good,H,SI1,Feb 17
365,Cushion,$651,0.42,Very Good,E,SI1,Feb 17
366,Cushion,$652,0.41,Very Good,E,SI2,Feb 17
367,Cushion,$652,0.55,Very Good,I,VS2,Feb 14
368,Cushion,$652,0.39,Very Good,G,VS2,Feb 13
369,Cushion,$652,0.43,Very Good,I,VVS1,Feb 16
370,Cushion,$653,0.34,Very Good,D,VVS2,Feb 17
371,Cushion,$653,0.55,Very Good,J,SI2,Feb 17
372,Cushion,$653,0.51,Very Good,I,VS1,Feb 14
373,Cushion,$653,0.37,Very Good,E,VS2,Feb 17
374,Cushion,$654,0.42,Very Good,E,SI2,Feb 17
375,Cushion,$654,0.40,Very Good,G,VS1,Feb 17
376,Cushion,$654,0.50,Very Good,J,VS1,Feb 17
377,Cushion,$655,0.46,Very Good,J,VVS2,Feb 17
378,Cushion,$655,0.53,Very Good,I,SI1,Feb 16
379,Cushion,$655,0.50,Very Good,J,VVS2,Feb 16
380,Cushion,$655,0.40,Very Good,G,VS1,Feb 17
381,Cushion,$656,0.41,Very Good,G,VS2,Feb 17
382,Cushion,$656,0.40,Very Good,E,SI1,Feb 17
383,Cushion,$656,0.40,Very Good,E,SI1,Feb 17
384,Cushion,$656,0.38,Very Good,E,VS1,Feb 17
385,Cushion,$657,0.42,Very Good,H,VVS2,Feb 22
386,Cushion,$657,0.50,Very Good,J,VVS1,Feb 17
387,Cushion,$657,0.30,Very Good,D,VVS1,Feb 17
388,Cushion,$657,0.41,Very Good,E,SI2,Feb 17
389,Cushion,$658,0.38,Very Good,E,VVS2,Feb 16
390,Cushion,$659,0.54,Very Good,I,SI2,Feb 16
391,Cushion,$659,0.30,Very Good,F,VVS1,Feb 17
392,Cushion,$660,0.56,Very Good,G,SI2,Feb 16
393,Cushion,$660,0.52,Very Good,I,VVS1,Feb 14
394,Cushion,$660,0.51,Very Good,H,VS2,Feb 14
395,Cushion,$662,0.37,Very Good,H,VVS1,Feb 17
396,Cushion,$662,0.42,Very Good,E,VS2,Feb 17
397,Cushion,$662,0.32,Very Good,D,VVS1,Feb 17
398,Cushion,$662,0.42,Very Good,I,VS1,Feb 17
399,Cushion,$663,0.51,Very Good,I,VS2,Feb 14
400,Cushion,$664,0.40,Very Good,E,SI1,Feb 17
401,Cushion,$664,0.34,Very Good,D,VVS2,Feb 17
402,Cushion,$664,0.37,Very Good,F,VVS2,Feb 17
403,Cushion,$664,0.51,Very Good,H,VS2,Feb 22
404,Cushion,$665,0.50,Very Good,I,VS2,Feb 22
405,Cushion,$666,0.42,Very Good,H,VVS2,Feb 17
406,Cushion,$666,0.38,Very Good,G,VS1,Feb 17
407,Cushion,$667,0.36,Very Good,G,VS1,Feb 17
408,Cushion,$668,0.42,Very Good,E,SI2,Feb 17
409,Cushion,$668,0.41,Very Good,H,VVS2,Feb 17
410,Cushion,$668,0.52,Very Good,I,VS2,Feb 14
411,Cushion,$668,0.50,Very Good,H,VS2,Feb 14
412,Cushion,$669,0.60,Very Good,I,SI2,Feb 16
413,Cushion,$669,0.39,Very Good,G,VS1,Feb 17
414,Cushion,$669,0.50,Very Good,I,SI1,Feb 16
415,Cushion,$669,0.41,Very Good,I,VVS1,Feb 16
416,Cushion,$669,0.35,Very Good,I,VVS2,Feb 17
417,Cushion,$672,0.33,Very Good,D,VVS1,Feb 16
418,Cushion,$672,0.40,Very Good,G,SI1,Feb 17
419,Cushion,$673,0.42,Very Good,E,SI1,Feb 22
420,Cushion,$674,0.51,Very Good,H,SI1,Feb 21
421,Cushion,$674,0.51,Very Good,J,VS1,Feb 10
422,Cushion,$674,0.51,Very Good,H,SI1,Feb 14
423,Cushion,$674,0.50,Very Good,H,VVS2,Feb 14
424,Cushion,$675,0.36,Very Good,E,VVS1,Feb 16
425,Cushion,$675,0.34,Very Good,F,VVS1,Feb 17
426,Cushion,$675,0.57,Very Good,G,SI2,Feb 22
427,Cushion,$676,0.44,Very Good,E,SI2,Feb 17
428,Cushion,$676,0.46,Very Good,E,SI1,Feb 17
429,Cushion,$677,0.40,Very Good,E,SI1,Feb 17
430,Cushion,$678,0.38,Very Good,G,VVS2,Feb 17
431,Cushion,$680,0.50,Very Good,J,VS2,Feb 16
432,Cushion,$680,0.39,Very Good,F,VS1,Feb 17
433,Cushion,$680,0.36,Very Good,D,VVS2,Feb 17
434,Cushion,$680,0.50,Very Good,H,SI1,Feb 22
435,Cushion,$680,0.40,Very Good,E,SI2,Feb 13
436,Cushion,$681,0.37,Very Good,H,VVS1,Feb 17
437,Cushion,$681,0.55,Very Good,I,SI1,Feb 16
438,Cushion,$681,0.40,Very Good,E,VS1,Feb 17
439,Cushion,$681,0.50,Very Good,J,VVS2,Feb 20
440,Cushion,$681,0.40,Very Good,F,VS2,Feb 17
441,Cushion,$681,0.51,Very Good,I,SI1,Feb 17
442,Cushion,$682,0.60,Very Good,G,SI2,Feb 16
443,Cushion,$683,0.41,Very Good,F,VS2,Feb 17
444,Cushion,$683,0.50,Very Good,H,VS1,Feb 14
445,Cushion,$684,0.53,Very Good,J,VS1,Feb 20
446,Cushion,$684,0.50,Very Good,I,VS2,Feb 16
447,Cushion,$684,0.44,Very Good,D,SI1,Feb 17
448,Cushion,$684,0.37,Very Good,H,VS1,Feb 17
449,Cushion,$685,0.50,Very Good,G,SI1,Feb 16
450,Cushion,$685,0.50,Very Good,G,SI1,Feb 16
451,Cushion,$686,0.46,Very Good,H,SI1,Feb 17
452,Cushion,$687,0.50,Very Good,J,VS1,Feb 10
453,Cushion,$687,0.50,Very Good,H,VVS2,Feb 14
454,Cushion,$688,0.60,Very Good,I,SI2,Feb 16
455,Cushion,$688,0.39,Very Good,H,VVS1,Feb 17
456,Cushion,$688,0.41,Very Good,G,SI1,Feb 17
457,Cushion,$688,0.52,Very Good,I,VS2,Feb 14
458,Cushion,$689,0.50,Very Good,J,VS2,Feb 10
459,Cushion,$689,0.50,Very Good,J,VS2,Feb 10
460,Cushion,$689,0.41,Very Good,D,VS2,Feb 17
461,Cushion,$690,0.34,Very Good,G,IF,Feb 17
462,Cushion,$691,0.50,Very Good,H,VS1,Feb 14
463,Cushion,$691,0.50,Very Good,H,VS1,Feb 14
464,Cushion,$693,0.46,Very Good,I,IF,Feb 22
465,Cushion,$693,0.50,Very Good,J,VVS1,Feb 16
466,Cushion,$693,0.39,Very Good,G,VS1,Feb 17
467,Cushion,$693,0.51,Very Good,F,SI1,Feb 22
468,Cushion,$694,0.40,Very Good,E,SI2,Feb 17
469,Cushion,$695,0.53,Very Good,J,VVS1,Feb 17
470,Cushion,$695,0.32,Very Good,D,VVS1,Feb 17
471,Cushion,$695,0.53,Very Good,H,VS2,Feb 14
472,Cushion,$696,0.40,Very Good,E,VS1,Feb 22
473,Cushion,$696,0.51,Very Good,G,SI1,Feb 14
474,Cushion,$697,0.51,Very Good,I,VVS2,Feb 17
475,Cushion,$697,0.40,Very Good,G,VS1,Feb 17
476,Cushion,$697,0.40,Very Good,G,VS1,Feb 17
477,Cushion,$698,0.51,Very Good,G,SI1,Feb 16
478,Cushion,$698,0.50,Very Good,H,SI1,Feb 16
479,Cushion,$699,0.44,Very Good,E,SI2,Feb 17
480,Cushion,$699,0.40,Very Good,G,VS1,Feb 22
481,Cushion,$700,0.40,Very Good,G,IF,Feb 22
482,Cushion,$700,0.45,Very Good,G,VS2,Feb 17
483,Cushion,$700,0.40,Very Good,F,SI1,Feb 17
484,Cushion,$700,0.45,Very Good,H,SI1,Feb 17
485,Cushion,$700,0.40,Very Good,G,VS2,Feb 17
486,Cushion,$700,0.36,Very Good,G,VS1,Feb 17
487,Cushion,$701,0.60,Very Good,I,SI2,Feb 16
488,Cushion,$701,0.40,Very Good,F,SI1,Feb 14
489,Cushion,$701,0.38,Very Good,I,VVS1,Feb 17
490,Cushion,$702,0.56,Very Good,I,SI1,Feb 17
491,Cushion,$702,0.40,Very Good,E,VS2,Feb 16
492,Cushion,$702,0.52,Very Good,H,VS2,Feb 14
493,Cushion,$702,0.40,Very Good,F,VVS2,Feb 17
494,Cushion,$702,0.39,Very Good,I,VVS1,Feb 17
495,Cushion,$703,0.56,Very Good,J,VVS2,Feb 20
496,Cushion,$703,0.53,Very Good,H,SI1,Feb 16
497,Cushion,$703,0.50,Very Good,D,SI1,Feb 22
498,Cushion,$703,0.37,Very Good,D,VS2,Feb 17
499,Cushion,$705,0.43,Very Good,H,VS1,Feb 16
500,Cushion,$705,0.52,Very Good,F,SI1,Feb 22
501,Cushion,$706,0.41,Very Good,F,VS2,Feb 17
502,Cushion,$706,0.53,Very Good,H,SI2,Feb 16
503,Cushion,$707,0.46,Very Good,H,VS2,Feb 17
504,Cushion,$707,0.51,Very Good,H,VS1,Feb 22
505,Cushion,$707,0.53,Very Good,H,VS2,Feb 14
506,Cushion,$708,0.40,Very Good,H,VS1,Feb 17
507,Cushion,$709,0.51,Very Good,I,VVS1,Feb 17
508,Cushion,$709,0.51,Very Good,J,VVS2,Feb 10
509,Cushion,$709,0.55,Very Good,J,SI1,Feb 10
510,Cushion,$709,0.50,Very Good,H,SI1,Feb 16
511,Cushion,$709,0.40,Very Good,F,VVS2,Feb 22
512,Cushion,$709,0.52,Very Good,H,SI1,Feb 17
513,Cushion,$709,0.40,Very Good,E,VS2,Feb 17
514,Cushion,$710,0.40,Very Good,E,VS1,Feb 22
515,Cushion,$710,0.45,Very Good,H,SI1,Feb 17
516,Cushion,$710,0.50,Very Good,H,SI1,Feb 17
517,Cushion,$710,0.35,Very Good,D,VVS1,Feb 16
518,Cushion,$710,0.42,Very Good,H,VVS2,Feb 16
519,Cushion,$710,0.51,Very Good,H,VS2,Feb 14
520,Cushion,$711,0.50,Very Good,E,SI1,Feb 14
521,Cushion,$712,0.50,Very Good,G,SI1,Feb 16
522,Cushion,$712,0.47,Very Good,G,VS2,Feb 17
523,Cushion,$712,0.33,Very Good,F,IF,Feb 17
524,Cushion,$712,0.42,Very Good,G,VS2,Feb 17
525,Cushion,$713,0.52,Very Good,H,SI1,Feb 16
526,Cushion,$713,0.51,Very Good,H,VS1,Feb 14
527,Cushion,$713,0.37,Very Good,H,VVS1,Feb 17
528,Cushion,$715,0.44,Very Good,E,SI1,Feb 17
529,Cushion,$715,0.43,Very Good,G,SI1,Feb 17
530,Cushion,$716,0.50,Very Good,H,SI1,Feb 16
531,Cushion,$717,0.51,Very Good,G,SI1,Feb 16
532,Cushion,$717,0.50,Very Good,I,VVS2,Feb 16
533,Cushion,$718,0.40,Very Good,D,SI2,Feb 17
534,Cushion,$718,0.40,Very Good,D,SI2,Feb 17
535,Cushion,$718,0.50,Very Good,J,VVS1,Feb 13
536,Cushion,$719,0.40,Very Good,E,VS2,Feb 20
537,Cushion,$719,0.58,Very Good,J,VS1,Feb 21
538,Cushion,$719,0.50,Very Good,I,VS1,Feb 10
539,Cushion,$720,0.39,Very Good,H,VS1,Feb 17
540,Cushion,$721,0.51,Very Good,E,SI1,Feb 14
541,Cushion,$722,0.43,Very Good,F,VS2,Feb 17
542,Cushion,$722,0.40,Very Good,H,VVS1,Feb 17
543,Cushion,$723,0.50,Very Good,J,VS1,Feb 10
544,Cushion,$723,0.45,Very Good,G,SI1,Feb 17
545,Cushion,$723,0.50,Very Good,H,VVS2,Feb 14
546,Cushion,$724,0.40,Very Good,E,VS1,Feb 22
547,Cushion,$724,0.42,Very Good,J,VS2,Feb 17
548,Cushion,$725,0.40,Very Good,H,VVS1,Feb 20
549,Cushion,$725,0.46,Very Good,F,VS2,Feb 17
550,Cushion,$726,0.50,Very Good,G,SI1,Feb 16
551,Cushion,$727,0.60,Very Good,H,SI2,Feb 16
552,Cushion,$727,0.50,Very Good,F,SI1,Feb 16
553,Cushion,$727,0.50,Very Good,H,VVS2,Feb 14
554,Cushion,$727,0.51,Very Good,I,SI1,Feb 22
555,Cushion,$728,0.36,Very Good,D,VVS1,Feb 16
556,Cushion,$728,0.50,Very Good,H,SI2,Feb 14
557,Cushion,$728,0.51,Very Good,H,VVS2,Feb 14
558,Cushion,$730,0.52,Very Good,G,SI1,Feb 16
559,Cushion,$730,0.40,Very Good,G,VVS1,Feb 22
560,Cushion,$730,0.50,Very Good,H,SI1,Feb 16
561,Cushion,$730,0.61,Very Good,F,SI2,Feb 16
562,Cushion,$730,0.50,Very Good,H,VVS1,Feb 14
563,Cushion,$730,0.50,Very Good,G,SI1,Feb 16
564,Cushion,$730,0.45,Very Good,H,VS1,Feb 17
565,Cushion,$730,0.51,Very Good,F,VS2,Feb 22
566,Cushion,$731,0.39,Very Good,D,VS2,Feb 17
567,Cushion,$731,0.37,Very Good,E,VS2,Feb 17
568,Cushion,$732,0.45,Very Good,G,VS2,Feb 17
569,Cushion,$732,0.38,Very Good,D,VS1,Feb 17
570,Cushion,$732,0.50,Very Good,G,VS2,Feb 14
571,Cushion,$732,0.42,Very Good,G,VS1,Feb 17
572,Cushion,$733,0.40,Very Good,G,VS1,Feb 17
573,Cushion,$733,0.51,Very Good,J,VS2,Feb 17
574,Cushion,$734,0.54,Very Good,E,SI2,Feb 17
575,Cushion,$734,0.50,Very Good,I,VVS1,Feb 17
576,Cushion,$734,0.41,Very Good,D,VS2,Feb 17
577,Cushion,$734,0.40,Very Good,E,VS2,Feb 17
578,Cushion,$734,0.42,Very Good,E,VS2,Feb 16
579,Cushion,$734,0.38,Very Good,D,VS2,Feb 17
580,Cushion,$734,0.47,Very Good,F,VS2,Feb 17
581,Cushion,$735,0.43,Very Good,D,VS2,Feb 17
582,Cushion,$735,0.51,Very Good,D,SI1,Feb 17
583,Cushion,$735,0.43,Very Good,D,VS2,Feb 17
584,Cushion,$735,0.45,Very Good,F,VS2,Feb 17
585,Cushion,$735,0.40,Very Good,G,VS1,Feb 17
586,Cushion,$735,0.50,Very Good,I,VS2,Feb 16
587,Cushion,$735,0.53,Very Good,G,SI1,Feb 22
588,Cushion,$736,0.60,Very Good,I,SI2,Feb 16
589,Cushion,$736,0.60,Very Good,G,SI2,Feb 16
590,Cushion,$736,0.40,Very Good,G,VS2,Feb 17
591,Cushion,$736,0.50,Very Good,H,VVS2,Feb 14
592,Cushion,$736,0.51,Very Good,I,VS2,Feb 17
593,Cushion,$737,0.50,Very Good,H,SI1,Feb 16
594,Cushion,$737,0.50,Very Good,H,SI1,Feb 16
595,Cushion,$737,0.50,Very Good,G,SI2,Feb 14
596,Cushion,$737,0.50,Very Good,I,VVS2,Feb 22
597,Cushion,$737,0.50,Very Good,I,VVS2,Feb 22
598,Cushion,$738,0.44,Very Good,G,VVS2,Feb 17
599,Cushion,$738,0.50,Very Good,H,VS1,Feb 14
600,Cushion,$740,0.61,Very Good,I,SI1,Feb 13
601,Cushion,$740,0.61,Very Good,G,SI2,Feb 16
602,Cushion,$740,0.52,Very Good,H,SI1,Feb 17
603,Cushion,$741,0.50,Very Good,H,VS2,Feb 16
604,Cushion,$741,0.41,Very Good,D,SI1,Feb 17
605,Cushion,$742,0.30,Very Good,D,VVS2,Feb 9
606,Cushion,$743,0.53,Very Good,F,SI1,Feb 22
607,Cushion,$743,0.50,Very Good,E,SI1,Feb 17
608,Cushion,$743,0.50,Very Good,H,VS2,Feb 17
609,Cushion,$743,0.38,Very Good,E,VVS2,Feb 17
610,Cushion,$744,0.51,Very Good,J,VVS1,Feb 10
611,Cushion,$744,0.51,Very Good,J,VVS1,Feb 10
612,Cushion,$744,0.51,Very Good,J,VVS1,Feb 10
613,Cushion,$744,0.37,Very Good,F,VVS1,Feb 17
614,Cushion,$744,0.51,Very Good,G,SI1,Feb 16
615,Cushion,$745,0.42,Very Good,D,VS2,Feb 17
616,Cushion,$745,0.50,Very Good,E,SI1,Feb 16
617,Cushion,$746,0.41,Very Good,G,VS1,Feb 17
618,Cushion,$746,0.52,Very Good,J,SI2,Feb 13
619,Cushion,$747,0.50,Very Good,H,VS1,Feb 14
620,Cushion,$748,0.40,Very Good,F,VVS1,Feb 16
621,Cushion,$748,0.50,Very Good,H,VS1,Feb 16
622,Cushion,$748,0.50,Very Good,H,SI1,Feb 16
623,Cushion,$748,0.50,Very Good,H,VVS2,Feb 22
624,Cushion,$749,0.51,Very Good,I,VS2,Feb 16
625,Cushion,$749,0.51,Very Good,J,VS2,Feb 16
626,Cushion,$749,0.51,Very Good,J,VS2,Feb 16
627,Cushion,$749,0.37,Very Good,F,VVS1,Feb 17
628,Cushion,$749,0.50,Very Good,G,SI1,Feb 17
629,Cushion,$750,0.38,Very Good,G,VVS1,Feb 17
630,Cushion,$750,0.43,Very Good,H,VVS2,Feb 17
631,Cushion,$750,0.32,Very Good,E,VS1,Feb 13
632,Cushion,$751,0.55,Very Good,F,SI1,Feb 22
633,Cushion,$751,0.53,Very Good,H,VS2,Feb 22
634,Cushion,$751,0.37,Very Good,E,VVS1,Feb 20
635,Cushion,$751,0.51,Very Good,G,SI1,Feb 16
636,Cushion,$752,0.50,Very Good,H,VVS2,Feb 16
637,Cushion,$752,0.50,Very Good,H,VS2,Feb 17
638,Cushion,$753,0.51,Very Good,I,VVS1,Feb 16
639,Cushion,$754,0.50,Very Good,H,VS2,Feb 16
640,Cushion,$754,0.50,Very Good,F,SI1,Feb 16
641,Cushion,$754,0.50,Very Good,I,VS1,Feb 16
642,Cushion,$754,0.52,Very Good,H,VVS1,Feb 14
643,Cushion,$755,0.47,Very Good,G,SI1,Feb 17
644,Cushion,$755,0.47,Very Good,G,SI1,Feb 17
645,Cushion,$755,0.50,Very Good,G,VS1,Feb 14
646,Cushion,$755,0.50,Very Good,I,VVS1,Feb 22
647,Cushion,$755,0.50,Very Good,J,VVS2,Feb 13
648,Cushion,$756,0.50,Very Good,I,IF,Feb 22
649,Cushion,$756,0.50,Very Good,H,VS2,Feb 16
650,Cushion,$756,0.52,Very Good,E,SI1,Feb 16
651,Cushion,$756,0.30,Very Good,E,IF,Feb 17
652,Cushion,$756,0.50,Very Good,G,SI1,Feb 16
653,Cushion,$756,0.50,Very Good,H,VS2,Feb 17
654,Cushion,$756,0.46,Very Good,I,VVS2,Feb 14
655,Cushion,$756,0.32,Very Good,E,IF,Feb 17
656,Cushion,$756,0.50,Very Good,J,VVS1,Feb 17
657,Cushion,$757,0.58,Very Good,J,SI1,Feb 16
658,Cushion,$757,0.60,Very Good,I,SI2,Feb 16
659,Cushion,$757,0.40,Very Good,E,VVS2,Feb 17
660,Cushion,$757,0.41,Very Good,G,VVS2,Feb 17
661,Cushion,$757,0.50,Very Good,H,VVS2,Feb 22
662,Cushion,$758,0.51,Very Good,F,SI1,Feb 16
663,Cushion,$758,0.52,Very Good,E,SI1,Feb 16
664,Cushion,$758,0.46,Very Good,F,VS2,Feb 17
665,Cushion,$758,0.50,Very Good,H,SI1,Feb 16
666,Cushion,$758,0.50,Very Good,H,SI1,Feb 16
667,Cushion,$758,0.55,Very Good,F,SI1,Feb 13
668,Cushion,$759,0.47,Very Good,I,VS1,Feb 20
669,Cushion,$759,0.56,Very Good,I,VVS2,Feb 17
670,Cushion,$759,0.40,Very Good,D,VS2,Feb 17
671,Cushion,$759,0.41,Very Good,G,VS1,Feb 17
672,Cushion,$759,0.37,Very Good,E,VS2,Feb 17
673,Cushion,$759,0.43,Very Good,G,VVS2,Feb 17
674,Cushion,$760,0.51,Very Good,H,VVS2,Feb 22
675,Cushion,$760,0.50,Very Good,G,VS1,Feb 14
676,Cushion,$760,0.35,Very Good,D,VVS1,Feb 17
677,Cushion,$760,0.50,Very Good,F,VS2,Feb 14
678,Cushion,$760,0.41,Very Good,F,VS1,Feb 17
679,Cushion,$760,0.51,Very Good,H,VVS2,Feb 22
680,Cushion,$761,0.51,Very Good,E,SI1,Feb 16
681,Cushion,$761,0.51,Very Good,E,SI1,Feb 16
682,Cushion,$761,0.51,Very Good,E,SI1,Feb 16
683,Cushion,$761,0.50,Very Good,H,VVS1,Feb 16
684,Cushion,$761,0.50,Very Good,H,VS2,Feb 16
685,Cushion,$761,0.50,Very Good,H,VS1,Feb 16
686,Cushion,$761,0.46,Very Good,E,VS1,Feb 20
687,Cushion,$762,0.54,Very Good,H,SI1,Feb 16
688,Cushion,$762,0.50,Very Good,F,SI1,Feb 16
689,Cushion,$762,0.50,Very Good,E,SI1,Feb 16
690,Cushion,$762,0.62,Very Good,I,SI2,Feb 16
691,Cushion,$763,0.39,Very Good,D,VS1,Feb 17
692,Cushion,$763,0.39,Very Good,D,VS1,Feb 17
693,Cushion,$763,0.50,Very Good,E,SI1,Feb 16
694,Cushion,$763,0.50,Very Good,I,VS2,Feb 16
695,Cushion,$763,0.50,Very Good,I,VS2,Feb 10
696,Cushion,$763,0.50,Very Good,I,VS2,Feb 10
697,Cushion,$763,0.44,Very Good,F,VS1,Feb 17
698,Cushion,$763,0.40,Very Good,E,VS1,Feb 16
699,Cushion,$763,0.38,Very Good,F,VVS2,Feb 17
700,Cushion,$763,0.50,Very Good,H,VVS2,Feb 17
701,Cushion,$764,0.43,Very Good,G,IF,Feb 22
702,Cushion,$764,0.52,Very Good,H,SI1,Feb 16
703,Cushion,$764,0.45,Very Good,F,SI1,Feb 17
704,Cushion,$764,0.52,Very Good,I,VVS2,Feb 22
705,Cushion,$765,0.45,Very Good,F,SI1,Feb 17
706,Cushion,$765,0.50,Very Good,E,VS2,Feb 16
707,Cushion,$765,0.52,Very Good,H,SI1,Feb 16
708,Cushion,$765,0.53,Very Good,D,SI2,Feb 17
709,Cushion,$765,0.51,Very Good,H,VS2,Feb 17
710,Cushion,$765,0.40,Very Good,D,SI1,Feb 14
711,Cushion,$765,0.53,Very Good,G,VS2,Feb 14
712,Cushion,$765,0.40,Very Good,E,VS1,Feb 17
713,Cushion,$766,0.40,Very Good,F,VVS1,Feb 22
714,Cushion,$767,0.50,Very Good,H,VVS2,Feb 14
715,Cushion,$768,0.40,Very Good,D,VS1,Feb 22
716,Cushion,$768,0.50,Very Good,H,VS1,Feb 16
717,Cushion,$768,0.41,Very Good,D,VS2,Feb 22
718,Cushion,$768,0.43,Very Good,G,VVS1,Feb 17
719,Cushion,$768,0.50,Very Good,G,VS1,Feb 14
720,Cushion,$769,0.50,Very Good,H,VS2,Feb 16
721,Cushion,$769,0.52,Very Good,I,VVS1,Feb 16
722,Cushion,$769,0.39,Very Good,G,VVS1,Feb 17
723,Cushion,$769,0.61,Very Good,H,SI2,Feb 16
724,Cushion,$770,0.51,Very Good,H,VS1,Feb 14
725,Cushion,$770,0.50,Very Good,G,VVS2,Feb 22
726,Cushion,$770,0.40,Very Good,E,VS2,Feb 17
727,Cushion,$770,0.51,Very Good,J,VS1,Feb 17
728,Cushion,$771,0.50,Very Good,F,SI1,Feb 16
729,Cushion,$771,0.47,Very Good,F,VS2,Feb 17
730,Cushion,$771,0.50,Very Good,E,SI2,Feb 17
731,Cushion,$772,0.55,Very Good,E,SI1,Feb 16
732,Cushion,$772,0.50,Very Good,I,VVS1,Feb 13
733,Cushion,$773,0.60,Very Good,F,SI2,Feb 16
734,Cushion,$773,0.50,Very Good,G,VS1,Feb 22
735,Cushion,$773,0.39,Very Good,E,VVS2,Feb 17
736,Cushion,$773,0.40,Very Good,H,VVS1,Feb 17
737,Cushion,$773,0.55,Very Good,I,VS2,Feb 17
738,Cushion,$774,0.50,Very Good,G,VS2,Feb 22
739,Cushion,$774,0.52,Very Good,I,IF,Feb 16
740,Cushion,$774,0.51,Very Good,I,VVS2,Feb 16
741,Cushion,$774,0.31,Very Good,E,IF,Feb 17
742,Cushion,$774,0.37,Very Good,E,VVS1,Feb 17
743,Cushion,$775,0.47,Very Good,H,VS2,Feb 17
744,Cushion,$775,0.50,Very Good,E,SI1,Feb 16
745,Cushion,$775,0.50,Very Good,G,SI1,Feb 16
746,Cushion,$776,0.53,Very Good,E,SI1,Feb 16
747,Cushion,$776,0.51,Very Good,H,VS2,Feb 17
748,Cushion,$777,0.53,Very Good,I,VVS1,Feb 17
749,Cushion,$777,0.40,Very Good,D,SI1,Feb 17
750,Cushion,$777,0.40,Very Good,D,SI1,Feb 17
751,Cushion,$778,0.50,Very Good,H,VVS2,Feb 16
752,Cushion,$778,0.50,Very Good,H,VVS2,Feb 16
753,Cushion,$778,0.50,Very Good,G,VS2,Feb 16
754,Cushion,$778,0.51,Very Good,E,VS2,Feb 14
755,Cushion,$778,0.50,Very Good,G,VS1,Feb 14
756,Cushion,$778,0.50,Very Good,G,VS1,Feb 14
757,Cushion,$780,0.44,Very Good,D,VS2,Feb 17
758,Cushion,$780,0.63,Very Good,E,SI2,Feb 16
759,Cushion,$780,0.50,Very Good,H,VVS1,Feb 16
760,Cushion,$780,0.40,Very Good,G,VVS2,Feb 14
761,Cushion,$780,0.50,Very Good,H,VVS1,Feb 22
762,Cushion,$781,0.50,Very Good,D,SI1,Feb 16
763,Cushion,$781,0.50,Very Good,I,VVS1,Feb 16
764,Cushion,$781,0.50,Very Good,D,SI2,Feb 16
765,Cushion,$781,0.44,Very Good,F,SI1,Feb 17
766,Cushion,$782,0.46,Very Good,F,SI1,Feb 17
767,Cushion,$782,0.50,Very Good,G,VS1,Feb 14
768,Cushion,$783,0.50,Very Good,I,IF,Feb 22
769,Cushion,$783,0.55,Very Good,D,SI1,Feb 17
770,Cushion,$783,0.54,Very Good,I,VVS2,Feb 17
771,Cushion,$783,0.50,Very Good,E,SI1,Feb 16
772,Cushion,$783,0.50,Very Good,E,SI1,Feb 16
773,Cushion,$783,0.51,Very Good,H,VS2,Feb 16
774,Cushion,$783,0.50,Very Good,E,SI1,Feb 16
775,Cushion,$783,0.39,Very Good,F,VVS1,Feb 17
776,Cushion,$783,0.51,Very Good,H,VS2,Feb 16
777,Cushion,$783,0.51,Very Good,G,VS2,Feb 17
778,Cushion,$783,0.50,Very Good,G,VS2,Feb 16
779,Cushion,$783,0.41,Very Good,D,VS1,Feb 17
780,Cushion,$783,0.42,Very Good,D,SI2,Feb 17
781,Cushion,$783,0.50,Very Good,G,VS2,Feb 22
782,Cushion,$785,0.60,Very Good,E,SI1,Feb 14
783,Cushion,$785,0.55,Very Good,J,SI1,Feb 14
784,Cushion,$785,0.55,Very Good,J,SI1,Feb 14
785,Cushion,$785,0.53,Very Good,H,VS2,Feb 13
786,Cushion,$786,0.50,Very Good,E,VS1,Feb 14
787,Cushion,$786,0.50,Very Good,G,VS2,Feb 13
788,Cushion,$787,0.54,Very Good,D,SI2,Feb 17
789,Cushion,$787,0.51,Very Good,H,VS2,Feb 16
790,Cushion,$787,0.36,Very Good,F,IF,Feb 17
791,Cushion,$787,0.53,Very Good,G,VVS2,Feb 21
792,Cushion,$787,0.43,Very Good,E,VS2,Feb 17
793,Cushion,$787,0.50,Very Good,H,VS1,Feb 17
794,Cushion,$787,0.50,Very Good,G,VS1,Feb 14
795,Cushion,$788,0.41,Very Good,E,VS1,Feb 16
796,Cushion,$788,0.61,Very Good,E,SI2,Feb 13
797,Cushion,$789,0.50,Very Good,I,VVS2,Feb 16
798,Cushion,$789,0.52,Very Good,J,VVS1,Feb 17
799,Cushion,$790,0.55,Very Good,I,VS1,Feb 10
800,Cushion,$790,0.55,Very Good,I,VS1,Feb 10
801,Cushion,$790,0.54,Very Good,E,SI1,Feb 16
802,Cushion,$790,0.50,Very Good,D,SI1,Feb 16
803,Cushion,$790,0.50,Very Good,I,VVS1,Feb 16
804,Cushion,$790,0.40,Very Good,D,VS1,Feb 16
805,Cushion,$790,0.53,Very Good,G,VS2,Feb 13
806,Cushion,$791,0.53,Very Good,H,VS1,Feb 14
807,Cushion,$792,0.50,Very Good,I,IF,Feb 21
808,Cushion,$792,0.41,Very Good,H,VVS1,Feb 17
809,Cushion,$793,0.50,Very Good,J,IF,Feb 17
810,Cushion,$793,0.51,Very Good,G,VS1,Feb 14
811,Cushion,$794,0.51,Very Good,I,VVS2,Feb 20
812,Cushion,$794,0.55,Very Good,H,VVS2,Feb 14
813,Cushion,$794,0.50,Very Good,F,SI1,Feb 17
814,Cushion,$795,0.38,Very Good,E,VVS1,Feb 17
815,Cushion,$795,0.38,Very Good,E,VVS1,Feb 17
816,Cushion,$795,0.47,Very Good,E,SI1,Feb 14
817,Cushion,$796,0.41,Very Good,E,VS1,Feb 20
818,Cushion,$796,0.56,Very Good,E,SI2,Feb 16
819,Cushion,$796,0.42,Very Good,D,VS2,Feb 17
820,Cushion,$796,0.50,Very Good,E,VS1,Feb 14
821,Cushion,$797,0.41,Very Good,D,SI1,Feb 17
822,Cushion,$797,0.50,Very Good,E,VS2,Feb 14
823,Cushion,$798,0.57,Very Good,E,SI1,Feb 22
824,Cushion,$798,0.50,Very Good,H,VS2,Feb 16
825,Cushion,$798,0.60,Very Good,F,SI1,Feb 17
826,Cushion,$798,0.38,Very Good,E,VVS1,Feb 17
827,Cushion,$800,0.50,Very Good,I,VVS2,Feb 10
828,Cushion,$800,0.50,Very Good,H,VS2,Feb 10
829,Cushion,$800,0.50,Very Good,F,VS1,Feb 14
830,Cushion,$800,0.52,Very Good,H,VVS2,Feb 13
831,Cushion,$801,0.38,Very Good,D,VVS2,Feb 17
832,Cushion,$801,0.50,Very Good,G,VS2,Feb 16
833,Cushion,$801,0.51,Very Good,E,SI1,Feb 17
834,Cushion,$801,0.50,Very Good,G,VS2,Feb 22
835,Cushion,$801,0.50,Very Good,G,VS2,Feb 22
836,Cushion,$801,0.50,Very Good,G,VS1,Feb 14
837,Cushion,$802,0.56,Very Good,D,SI1,Feb 17
838,Cushion,$802,0.50,Very Good,I,VVS1,Feb 16
839,Cushion,$802,0.50,Very Good,G,VVS1,Feb 14
840,Cushion,$802,0.50,Very Good,G,VVS1,Feb 14
841,Cushion,$803,0.38,Very Good,F,VVS1,Feb 20
842,Cushion,$803,0.50,Very Good,H,VS1,Feb 16
843,Cushion,$803,0.50,Very Good,H,VS1,Feb 16
844,Cushion,$803,0.37,Very Good,D,VVS1,Feb 17
845,Cushion,$804,0.51,Very Good,I,VVS1,Feb 16
846,Cushion,$804,0.45,Very Good,G,VS1,Feb 17
847,Cushion,$804,0.51,Very Good,H,VS1,Feb 21
848,Cushion,$804,0.51,Very Good,D,SI1,Feb 16
849,Cushion,$805,0.50,Very Good,H,VVS1,Feb 16
850,Cushion,$805,0.60,Very Good,J,VS1,Feb 16
851,Cushion,$806,0.40,Very Good,D,VS1,Feb 16
852,Cushion,$806,0.50,Very Good,I,IF,Feb 16
853,Cushion,$806,0.40,Very Good,E,VS1,Feb 17
854,Cushion,$806,0.57,Very Good,D,SI1,Feb 14
855,Cushion,$806,0.53,Very Good,E,VS1,Feb 14
856,Cushion,$806,0.42,Very Good,E,VS1,Feb 16
857,Cushion,$806,0.41,Very Good,D,VS1,Feb 17
858,Cushion,$807,0.50,Very Good,H,VS1,Feb 16
859,Cushion,$807,0.50,Very Good,E,VS1,Feb 14
860,Cushion,$807,0.50,Very Good,G,VVS1,Feb 14
861,Cushion,$807,0.51,Very Good,H,VS2,Feb 17
862,Cushion,$808,0.42,Very Good,E,VS2,Feb 20
863,Cushion,$808,0.52,Very Good,E,SI1,Feb 16
864,Cushion,$808,0.35,Very Good,E,IF,Feb 17
865,Cushion,$808,0.56,Very Good,G,VS2,Feb 14
866,Cushion,$808,0.50,Very Good,E,VS2,Feb 17
867,Cushion,$809,0.39,Very Good,E,VVS1,Feb 17
868,Cushion,$809,0.52,Very Good,J,VS1,Feb 16
869,Cushion,$809,0.52,Very Good,F,VS2,Feb 14
870,Cushion,$809,0.60,Very Good,E,SI2,Feb 16
871,Cushion,$809,0.50,Very Good,H,VVS1,Feb 17
872,Cushion,$809,0.50,Very Good,F,SI1,Feb 17
873,Cushion,$810,0.50,Very Good,G,VS2,Feb 22
874,Cushion,$810,0.50,Very Good,G,VS2,Feb 22
875,Cushion,$810,0.47,Very Good,F,SI1,Feb 17
876,Cushion,$810,0.50,Very Good,G,VS2,Feb 17
877,Cushion,$811,0.50,Very Good,D,VS2,Feb 22
878,Cushion,$811,0.50,Very Good,H,VS1,Feb 17
879,Cushion,$811,0.40,Very Good,H,VVS1,Feb 17
880,Cushion,$811,0.60,Very Good,I,SI1,Feb 17
881,Cushion,$812,0.60,Very Good,I,VS2,Feb 16
882,Cushion,$812,0.51,Very Good,J,VS1,Feb 17
883,Cushion,$813,0.46,Very Good,E,SI1,Feb 17
884,Cushion,$813,0.44,Very Good,G,VS1,Feb 17
885,Cushion,$813,0.50,Very Good,I,VVS2,Feb 20
886,Cushion,$813,0.52,Very Good,E,SI2,Feb 17
887,Cushion,$813,0.51,Very Good,H,VS2,Feb 16
888,Cushion,$814,0.50,Very Good,H,VVS1,Feb 16
889,Cushion,$814,0.50,Very Good,I,VS1,Feb 17
890,Cushion,$814,0.40,Very Good,D,SI1,Feb 13
891,Cushion,$814,0.53,Very Good,I,VS1,Feb 13
892,Cushion,$815,0.52,Very Good,I,VVS1,Feb 20
893,Cushion,$815,0.62,Very Good,G,SI2,Feb 16
894,Cushion,$815,0.50,Very Good,G,VS2,Feb 16
895,Cushion,$815,0.55,Very Good,H,VVS2,Feb 22
896,Cushion,$815,0.50,Very Good,G,VS2,Feb 16
897,Cushion,$815,0.50,Very Good,H,VS2,Feb 16
898,Cushion,$815,0.50,Very Good,G,VS1,Feb 14
899,Cushion,$815,0.48,Very Good,G,SI1,Feb 17
900,Cushion,$816,0.51,Very Good,G,VS1,Feb 22
901,Cushion,$816,0.40,Very Good,E,VVS2,Feb 16
902,Cushion,$816,0.50,Very Good,I,IF,Feb 17
903,Cushion,$816,0.50,Very Good,G,VVS2,Feb 14
904,Cushion,$817,0.53,Very Good,G,VS2,Feb 16
905,Cushion,$817,0.50,Very Good,G,VVS1,Feb 14
906,Cushion,$817,0.50,Very Good,G,VVS1,Feb 14
907,Cushion,$817,0.51,Very Good,F,VS2,Feb 14
908,Cushion,$818,0.45,Very Good,G,VS1,Feb 17
909,Cushion,$818,0.60,Very Good,D,SI2,Feb 16
910,Cushion,$818,0.41,Very Good,D,SI1,Feb 17
911,Cushion,$818,0.51,Very Good,G,VS2,Feb 17
912,Cushion,$819,0.50,Very Good,G,VVS2,Feb 22
913,Cushion,$819,0.50,Very Good,H,VVS1,Feb 16
914,Cushion,$819,0.52,Very Good,E,SI1,Feb 16
915,Cushion,$819,0.50,Very Good,G,VS2,Feb 20
916,Cushion,$819,0.50,Very Good,G,SI1,Feb 16
917,Cushion,$820,0.50,Very Good,G,VS1,Feb 22
918,Cushion,$820,0.50,Very Good,H,VS1,Feb 16
919,Cushion,$821,0.49,Very Good,E,SI1,Feb 17
920,Cushion,$821,0.50,Very Good,E,VS2,Feb 17
921,Cushion,$821,0.40,Very Good,D,VS1,Feb 17
922,Cushion,$822,0.51,Very Good,D,SI1,Feb 16
923,Cushion,$822,0.52,Very Good,I,VVS2,Feb 16
924,Cushion,$822,0.43,Very Good,D,VS2,Feb 17
925,Cushion,$822,0.60,Very Good,J,VS1,Feb 17
926,Cushion,$823,0.54,Very Good,G,VVS2,Feb 21
927,Cushion,$824,0.51,Very Good,F,SI1,Feb 16
928,Cushion,$824,0.33,Very Good,E,IF,Feb 17
929,Cushion,$824,0.55,Very Good,H,VVS2,Feb 14
930,Cushion,$825,0.60,Very Good,H,SI1,Feb 13
931,Cushion,$825,0.50,Very Good,J,VVS1,Feb 13
932,Cushion,$825,0.50,Very Good,H,VS1,Feb 16
933,Cushion,$825,0.54,Very Good,E,SI1,Feb 17
934,Cushion,$825,0.38,Very Good,D,VVS2,Feb 17
935,Cushion,$826,0.51,Very Good,F,VS2,Feb 22
936,Cushion,$826,0.56,Very Good,I,VS1,Feb 20
937,Cushion,$826,0.52,Very Good,I,IF,Feb 16
938,Cushion,$826,0.35,Very Good,E,IF,Feb 17
939,Cushion,$826,0.50,Very Good,E,VS2,Feb 14
940,Cushion,$827,0.46,Very Good,F,SI1,Feb 17
941,Cushion,$827,0.35,Very Good,E,VVS1,Feb 17
942,Cushion,$828,0.50,Very Good,H,VVS2,Feb 16
943,Cushion,$828,0.50,Very Good,E,SI1,Feb 16
944,Cushion,$828,0.50,Very Good,E,SI1,Feb 16
945,Cushion,$828,0.50,Very Good,G,VS2,Feb 16
946,Cushion,$828,0.50,Very Good,D,VS2,Feb 14
947,Cushion,$828,0.50,Very Good,G,VVS1,Feb 14
948,Cushion,$828,0.50,Very Good,G,VS2,Feb 17
949,Cushion,$829,0.50,Very Good,H,VS1,Feb 16
950,Cushion,$829,0.50,Very Good,H,VS1,Feb 16
951,Cushion,$830,0.54,Very Good,G,VS1,Feb 14
952,Cushion,$830,0.40,Very Good,D,VS1,Feb 17
953,Cushion,$830,0.40,Very Good,G,VS2,Feb 17
954,Cushion,$831,0.50,Very Good,H,VS1,Feb 21
955,Cushion,$831,0.38,Very Good,D,VVS1,Feb 17
956,Cushion,$831,0.50,Very Good,D,VS2,Feb 14
957,Cushion,$831,0.51,Very Good,E,SI1,Feb 16
958,Cushion,$831,0.50,Very Good,G,VVS1,Feb 14
959,Cushion,$831,0.50,Very Good,E,VS1,Feb 14
960,Cushion,$831,0.50,Very Good,H,VS1,Feb 10
961,Cushion,$831,0.59,Very Good,I,VS2,Feb 17
962,Cushion,$831,0.40,Very Good,F,VVS2,Feb 17
963,Cushion,$832,0.52,Very Good,H,VS2,Feb 10
964,Cushion,$832,0.34,Very Good,E,IF,Feb 17
965,Cushion,$832,0.35,Very Good,E,IF,Feb 17
966,Cushion,$832,0.50,Very Good,H,VS2,Feb 16
967,Cushion,$832,0.50,Very Good,G,VVS1,Feb 22
968,Cushion,$832,0.50,Very Good,G,VS1,Feb 14
969,Cushion,$832,0.50,Very Good,F,SI1,Feb 17
970,Cushion,$833,0.49,Very Good,F,SI1,Feb 17
971,Cushion,$833,0.50,Very Good,H,VVS1,Feb 17
972,Cushion,$833,0.46,Very Good,G,VS1,Feb 17
973,Cushion,$833,0.37,Very Good,D,VVS1,Feb 17
974,Cushion,$833,0.51,Very Good,E,VS2,Feb 14
975,Cushion,$833,0.50,Very Good,H,VS1,Feb 17
976,Cushion,$834,0.46,Very Good,G,VS1,Feb 17
977,Cushion,$834,0.50,Very Good,E,VS2,Feb 10
978,Cushion,$834,0.56,Very Good,H,VS1,Feb 16
979,Cushion,$834,0.50,Very Good,H,VVS1,Feb 16
980,Cushion,$834,0.50,Very Good,F,VS2,Feb 16
981,Cushion,$834,0.53,Very Good,H,VS1,Feb 16
982,Cushion,$834,0.51,Very Good,H,VVS1,Feb 16
983,Cushion,$834,0.55,Very Good,E,SI2,Feb 17
984,Cushion,$834,0.41,Very Good,D,VS1,Feb 16
985,Cushion,$834,0.41,Very Good,E,VVS2,Feb 16
986,Cushion,$835,0.55,Very Good,I,IF,Feb 22
987,Cushion,$835,0.46,Very Good,G,VVS2,Feb 16
988,Cushion,$836,0.53,Very Good,F,VS2,Feb 22
989,Cushion,$836,0.51,Very Good,F,VVS2,Feb 22
990,Cushion,$836,0.45,Very Good,D,VS1,Feb 16
991,Cushion,$836,0.50,Very Good,H,VVS2,Feb 16
992,Cushion,$836,0.51,Very Good,H,VVS1,Feb 17
993,Cushion,$836,0.40,Very Good,G,VS1,Feb 14
994,Cushion,$836,0.61,Very Good,F,SI1,Feb 13
995,Cushion,$836,0.50,Very Good,G,VVS1,Feb 14
996,Cushion,$836,0.50,Very Good,G,VVS1,Feb 14
997,Cushion,$838,0.50,Very Good,F,VS1,Feb 14
998,Cushion,$839,0.60,Very Good,J,VVS2,Feb 13
999,Cushion,$839,0.50,Very Good,H,VVS1,Feb 16
1000,Asscher,$480,0.28,Very Good,D,VVS2,Feb 21
1001,Asscher,$548,0.30,Very Good,E,VVS1,Feb 17
1002,Asscher,$648,0.30,Very Good,F,VS1,Feb 21
1003,Asscher,$726,0.51,Very Good,H,SI1,Feb 21
1004,Asscher,$743,0.51,Very Good,I,VS1,Feb 16
1005,Asscher,$750,0.40,Very Good,D,VS1,Feb 20
1006,Asscher,$752,0.40,Very Good,E,VVS2,Feb 22
1007,Asscher,$768,0.50,Very Good,E,SI1,Feb 21
1008,Asscher,$777,0.50,Very Good,J,SI1,Feb 10
1009,Asscher,$784,0.52,Very Good,I,IF,Feb 22
1010,Asscher,$807,0.53,Very Good,H,VVS2,Feb 22
1011,Asscher,$807,0.51,Very Good,J,VS1,Feb 10
1012,Asscher,$812,0.50,Very Good,I,SI1,Feb 10
1013,Asscher,$827,0.50,Very Good,H,VS1,Feb 17
1014,Asscher,$836,0.41,Very Good,H,VVS1,Feb 20
1015,Asscher,$843,0.45,Very Good,G,VVS2,Feb 20
1016,Asscher,$849,0.50,Very Good,F,SI1,Feb 21
1017,Asscher,$850,0.40,Very Good,E,VVS2,Feb 22
1018,Asscher,$862,0.53,Very Good,F,VS2,Feb 21
1019,Asscher,$870,0.54,Very Good,J,VVS1,Feb 21
1020,Asscher,$872,0.51,Very Good,J,VVS1,Feb 20
1021,Asscher,$872,0.50,Very Good,J,VVS1,Feb 10
1022,Asscher,$882,0.50,Very Good,G,VVS2,Feb 21
1023,Asscher,$882,0.54,Very Good,I,VS1,Feb 21
1024,Asscher,$882,0.51,Very Good,F,VS1,Feb 22
1025,Asscher,$888,0.50,Very Good,I,VS2,Feb 20
1026,Asscher,$890,0.51,Very Good,J,VVS1,Feb 10
1027,Asscher,$892,0.50,Very Good,G,VS1,Feb 21
1028,Asscher,$893,0.50,Very Good,G,VS2,Feb 21
1029,Asscher,$895,0.50,Very Good,H,VS2,Feb 21
1030,Asscher,$898,0.50,Very Good,J,VVS2,Feb 10
1031,Asscher,$898,0.50,Very Good,J,VVS2,Feb 10
1032,Asscher,$900,0.52,Very Good,E,VS2,Feb 22
1033,Asscher,$900,0.52,Very Good,J,VS1,Feb 14
1034,Asscher,$903,0.53,Very Good,G,VVS1,Feb 7
1035,Asscher,$912,0.55,Very Good,J,VVS2,Feb 10
1036,Asscher,$912,0.51,Very Good,H,SI1,Feb 21
1037,Asscher,$914,0.50,Very Good,H,VVS1,Feb 21
1038,Asscher,$915,0.50,Very Good,E,VS1,Feb 22
1039,Asscher,$916,0.50,Very Good,I,VVS1,Feb 21
1040,Asscher,$919,0.50,Very Good,J,VS1,Feb 10
1041,Asscher,$922,0.50,Very Good,H,VVS2,Feb 13
1042,Asscher,$937,0.51,Very Good,J,VS1,Feb 10
1043,Asscher,$937,0.51,Very Good,J,VS1,Feb 10
1044,Asscher,$940,0.50,Very Good,D,VS2,Feb 16
1045,Asscher,$942,0.50,Very Good,D,SI1,Feb 21
1046,Asscher,$943,0.50,Very Good,J,VVS1,Feb 10
1047,Asscher,$945,0.50,Very Good,E,VS2,Feb 21
1048,Asscher,$949,0.50,Very Good,F,VS2,Feb 21
1049,Asscher,$952,0.50,Very Good,E,SI1,Feb 21
1050,Asscher,$955,0.50,Very Good,G,VS1,Feb 21
1051,Asscher,$962,0.51,Very Good,J,VVS1,Feb 10
1052,Asscher,$964,0.40,Very Good,D,VVS1,Feb 16
1053,Asscher,$965,0.55,Very Good,H,SI1,Feb 20
1054,Asscher,$966,0.50,Very Good,I,VVS2,Feb 20
1055,Asscher,$972,0.50,Very Good,G,VVS1,Feb 22
1056,Asscher,$976,0.52,Very Good,I,VVS1,Feb 21
1057,Asscher,$976,0.40,Very Good,D,VVS1,Feb 22
1058,Asscher,$976,0.53,Very Good,D,SI1,Feb 16
1059,Asscher,$978,0.50,Very Good,E,VS1,Feb 21
1060,Asscher,$978,0.51,Very Good,F,VS1,Feb 16
1061,Asscher,$983,0.52,Very Good,H,VVS1,Feb 10
1062,Asscher,$988,0.50,Very Good,F,VS1,Feb 17
1063,Asscher,$989,0.51,Very Good,F,VS1,Feb 21
1064,Asscher,$990,0.50,Very Good,H,VVS1,Feb 21
1065,Asscher,$993,0.50,Very Good,I,VVS2,Feb 10
1066,Asscher,$993,0.50,Very Good,I,VVS2,Feb 10
1067,Asscher,$993,0.50,Very Good,E,VVS2,Feb 10
1068,Asscher,$998,0.56,Very Good,H,IF,Feb 21
1069,Asscher,"$1,003",0.57,Very Good,G,VS2,Feb 21
1070,Asscher,"$1,004",0.50,Very Good,H,VVS2,Feb 21
1071,Asscher,"$1,005",0.53,Very Good,J,VVS1,Feb 14
1072,Asscher,"$1,006",0.54,Very Good,I,SI1,Feb 21
1073,Asscher,"$1,006",0.50,Very Good,F,VS1,Feb 21
1074,Asscher,"$1,006",0.51,Very Good,H,VVS1,Feb 21
1075,Asscher,"$1,009",0.50,Very Good,J,FL,Feb 14
1076,Asscher,"$1,016",0.54,Very Good,J,VVS1,Feb 10
1077,Asscher,"$1,017",0.50,Very Good,H,VVS1,Feb 21
1078,Asscher,"$1,024",0.53,Very Good,G,VS2,Feb 21
1079,Asscher,"$1,024",0.50,Very Good,I,VS2,Feb 14
1080,Asscher,"$1,028",0.53,Very Good,G,VS1,Feb 21
1081,Asscher,"$1,030",0.50,Very Good,E,SI1,Feb 10
1082,Asscher,"$1,030",0.55,Very Good,I,VS1,Feb 21
1083,Asscher,"$1,031",0.50,Very Good,I,VVS1,Feb 10
1084,Asscher,"$1,037",0.50,Very Good,H,VVS2,Feb 10
1085,Asscher,"$1,040",0.60,Very Good,I,SI1,Feb 10
1086,Asscher,"$1,041",0.50,Very Good,H,VVS1,Feb 20
1087,Asscher,"$1,052",0.51,Very Good,I,VVS1,Feb 10
1088,Asscher,"$1,053",0.54,Very Good,G,VS1,Feb 21
1089,Asscher,"$1,053",0.50,Very Good,H,VVS1,Feb 21
1090,Asscher,"$1,061",0.51,Very Good,F,VS1,Feb 21
1091,Asscher,"$1,061",0.51,Very Good,I,IF,Feb 21
1092,Asscher,"$1,063",0.50,Very Good,I,VVS2,Feb 14
1093,Asscher,"$1,064",0.51,Very Good,F,SI1,Feb 21
1094,Asscher,"$1,065",0.60,Very Good,I,VS2,Feb 21
1095,Asscher,"$1,070",0.52,Very Good,J,IF,Feb 10
1096,Asscher,"$1,073",0.50,Very Good,I,IF,Feb 10
1097,Asscher,"$1,073",0.50,Very Good,G,VS2,Feb 10
1098,Asscher,"$1,074",0.50,Very Good,E,VS1,Feb 16
1099,Asscher,"$1,082",0.50,Very Good,I,VVS1,Feb 21
1100,Asscher,"$1,082",0.51,Very Good,F,VS2,Feb 21
1101,Asscher,"$1,093",0.53,Very Good,I,VVS1,Feb 10
1102,Asscher,"$1,093",0.53,Very Good,H,VS1,Feb 10
1103,Asscher,"$1,093",0.60,Very Good,I,VVS1,Feb 21
1104,Asscher,"$1,094",0.51,Very Good,F,VS2,Feb 20
1105,Asscher,"$1,101",0.53,Very Good,D,VS2,Feb 21
1106,Asscher,"$1,102",0.50,Very Good,I,VVS1,Feb 21
1107,Asscher,"$1,105",0.55,Very Good,I,VVS1,Feb 21
1108,Asscher,"$1,106",0.52,Very Good,H,VS1,Feb 10
1109,Asscher,"$1,106",0.50,Very Good,H,VVS2,Feb 10
1110,Asscher,"$1,106",0.56,Very Good,H,VS2,Feb 10
1111,Asscher,"$1,109",0.52,Very Good,G,VVS1,Feb 21
1112,Asscher,"$1,112",0.52,Very Good,H,VVS1,Feb 20
1113,Asscher,"$1,112",0.50,Very Good,F,VVS1,Feb 13
1114,Asscher,"$1,114",0.50,Very Good,H,VVS1,Feb 22
1115,Asscher,"$1,117",0.53,Very Good,G,VS2,Feb 21
1116,Asscher,"$1,120",0.50,Very Good,H,VS1,Feb 14
1117,Asscher,"$1,120",0.71,Very Good,I,VS2,Feb 14
1118,Asscher,"$1,124",0.53,Very Good,G,VVS2,Feb 21
1119,Asscher,"$1,126",0.57,Very Good,I,VVS2,Feb 10
1120,Asscher,"$1,126",0.51,Very Good,H,VVS2,Feb 21
1121,Asscher,"$1,128",0.50,Very Good,H,IF,Feb 21
1122,Asscher,"$1,137",0.51,Very Good,I,VVS1,Feb 10
1123,Asscher,"$1,140",0.50,Very Good,D,VS1,Feb 21
1124,Asscher,"$1,142",0.52,Very Good,E,VVS2,Feb 10
1125,Asscher,"$1,143",0.51,Very Good,F,VS1,Feb 21
1126,Asscher,"$1,143",0.51,Very Good,G,VVS1,Feb 17
1127,Asscher,"$1,145",0.50,Very Good,H,VVS1,Feb 21
1128,Asscher,"$1,150",0.52,Very Good,H,VVS2,Feb 10
1129,Asscher,"$1,151",0.52,Very Good,D,VS2,Feb 16
1130,Asscher,"$1,152",0.56,Very Good,I,VVS1,Feb 10
1131,Asscher,"$1,152",0.50,Very Good,E,VS2,Feb 10
1132,Asscher,"$1,152",0.50,Very Good,E,VS2,Feb 10
1133,Asscher,"$1,152",0.50,Very Good,G,VVS2,Feb 10
1134,Asscher,"$1,152",0.50,Very Good,E,VS2,Feb 10
1135,Asscher,"$1,159",0.50,Very Good,I,IF,Feb 10
1136,Asscher,"$1,159",0.51,Very Good,G,VVS1,Feb 13
1137,Asscher,"$1,162",0.51,Very Good,G,IF,Feb 21
1138,Asscher,"$1,164",0.52,Very Good,D,VS1,Feb 10
1139,Asscher,"$1,165",0.60,Very Good,G,VS2,Feb 21
1140,Asscher,"$1,166",0.51,Very Good,H,VVS2,Feb 14
1141,Asscher,"$1,167",0.55,Very Good,H,VS1,Feb 10
1142,Asscher,"$1,170",0.57,Very Good,H,VS1,Feb 10
1143,Asscher,"$1,170",0.50,Very Good,F,VVS2,Feb 22
1144,Asscher,"$1,174",0.55,Very Good,G,VS2,Feb 10
1145,Asscher,"$1,183",0.50,Very Good,H,VVS1,Feb 21
1146,Asscher,"$1,183",0.51,Very Good,D,VVS2,Feb 16
1147,Asscher,"$1,190",0.54,Very Good,I,VS1,Feb 10
1148,Asscher,"$1,201",0.50,Very Good,F,VS2,Feb 10
1149,Asscher,"$1,201",0.50,Very Good,F,VS2,Feb 10
1150,Asscher,"$1,203",0.60,Very Good,D,SI1,Feb 16
1151,Asscher,"$1,208",0.50,Very Good,G,VVS2,Feb 14
1152,Asscher,"$1,213",0.56,Very Good,I,IF,Feb 21
1153,Asscher,"$1,215",0.51,Very Good,H,IF,Feb 10
1154,Asscher,"$1,215",0.53,Very Good,H,VVS1,Feb 21
1155,Asscher,"$1,218",0.70,Very Good,J,VVS2,Feb 20
1156,Asscher,"$1,225",0.51,Very Good,F,VS2,Feb 10
1157,Asscher,"$1,225",0.51,Very Good,F,VS2,Feb 10
1158,Asscher,"$1,229",0.45,Very Good,H,VS1,Feb 7
1159,Asscher,"$1,229",0.50,Very Good,G,VVS1,Feb 10
1160,Asscher,"$1,229",0.50,Very Good,E,VS1,Feb 10
1161,Asscher,"$1,231",0.63,Very Good,J,VVS1,Feb 21
1162,Asscher,"$1,231",0.56,Very Good,I,VS1,Feb 10
1163,Asscher,"$1,239",0.54,Very Good,E,VS2,Feb 10
1164,Asscher,"$1,244",0.70,Very Good,J,VVS2,Feb 20
1165,Asscher,"$1,250",0.50,Very Good,G,IF,Feb 13
1166,Asscher,"$1,253",0.57,Very Good,I,VS1,Feb 10
1167,Asscher,"$1,259",0.53,Very Good,F,VS1,Feb 10
1168,Asscher,"$1,260",0.50,Very Good,F,IF,Feb 21
1169,Asscher,"$1,266",0.51,Very Good,G,IF,Feb 21
1170,Asscher,"$1,266",0.72,Very Good,G,SI2,Feb 22
1171,Asscher,"$1,267",0.50,Very Good,F,VS1,Feb 10
1172,Asscher,"$1,267",0.50,Very Good,H,IF,Feb 10
1173,Asscher,"$1,272",0.51,Very Good,E,VVS1,Feb 21
1174,Asscher,"$1,273",0.70,Very Good,I,VS2,Feb 14
1175,Asscher,"$1,276",0.70,Very Good,H,VS1,Feb 14
1176,Asscher,"$1,278",0.52,Very Good,F,VVS2,Feb 10
1177,Asscher,"$1,278",0.60,Very Good,H,VS2,Feb 10
1178,Asscher,"$1,283",0.70,Very Good,I,VS1,Feb 20
1179,Asscher,"$1,293",0.51,Very Good,F,VS1,Feb 10
1180,Asscher,"$1,298",0.70,Very Good,H,VS1,Feb 14
1181,Asscher,"$1,300",0.53,Very Good,F,VVS2,Feb 10
1182,Asscher,"$1,304",0.70,Very Good,I,VVS1,Feb 14
1183,Asscher,"$1,305",0.60,Very Good,I,IF,Feb 21
1184,Asscher,"$1,308",0.50,Very Good,F,VVS1,Feb 10
1185,Asscher,"$1,324",0.58,Very Good,H,VVS1,Feb 21
1186,Asscher,"$1,326",0.51,Very Good,I,VVS2,Feb 9
1187,Asscher,"$1,328",0.56,Very Good,F,VS1,Feb 10
1188,Asscher,"$1,328",0.50,Very Good,D,VS2,Feb 10
1189,Asscher,"$1,334",0.51,Very Good,G,FL,Feb 22
1190,Asscher,"$1,335",0.53,Very Good,G,VVS2,Feb 14
1191,Asscher,"$1,339",0.53,Very Good,H,IF,Feb 14
1192,Asscher,"$1,343",0.50,Very Good,E,VVS1,Feb 22
1193,Asscher,"$1,348",0.50,Very Good,E,VS1,Feb 14
1194,Asscher,"$1,349",0.55,Very Good,G,VVS1,Feb 10
1195,Asscher,"$1,349",0.62,Very Good,G,IF,Feb 22
1196,Asscher,"$1,356",0.50,Very Good,G,IF,Feb 21
1197,Asscher,"$1,360",0.52,Very Good,G,IF,Feb 10
1198,Asscher,"$1,360",0.60,Very Good,G,VS2,Feb 10
1199,Asscher,"$1,364",0.71,Very Good,H,SI1,Feb 21
1200,Asscher,"$1,367",0.70,Very Good,I,VS1,Feb 16
1201,Asscher,"$1,380",0.70,Very Good,G,VS2,Feb 20
1202,Asscher,"$1,381",0.55,Very Good,G,VVS2,Feb 14
1203,Asscher,"$1,384",0.53,Very Good,F,VVS1,Feb 10
1204,Asscher,"$1,387",0.50,Very Good,D,VVS2,Feb 10
1205,Asscher,"$1,387",0.50,Very Good,D,VVS2,Feb 10
1206,Asscher,"$1,390",0.50,Very Good,E,VVS2,Feb 14
1207,Asscher,"$1,392",0.53,Very Good,F,IF,Feb 13
1208,Asscher,"$1,407",0.70,Very Good,H,VVS2,Feb 20
1209,Asscher,"$1,411",0.64,Very Good,I,VVS1,Feb 14
1210,Asscher,"$1,413",0.70,Very Good,J,VS1,Feb 10
1211,Asscher,"$1,415",0.51,Very Good,D,VVS2,Feb 10
1212,Asscher,"$1,417",0.74,Very Good,J,SI1,Feb 17
1213,Asscher,"$1,425",0.61,Very Good,I,IF,Feb 17
1214,Asscher,"$1,425",0.63,Very Good,G,VS2,Feb 10
1215,Asscher,"$1,427",0.61,Very Good,H,VVS2,Feb 20
1216,Asscher,"$1,429",0.60,Very Good,E,VS1,Feb 21
1217,Asscher,"$1,430",0.75,Very Good,H,SI1,Feb 21
1218,Asscher,"$1,431",0.55,Very Good,F,VVS2,Feb 14
1219,Asscher,"$1,433",0.70,Very Good,I,VVS1,Feb 20
1220,Asscher,"$1,437",0.51,Very Good,F,VVS1,Feb 14
1221,Asscher,"$1,442",0.56,Very Good,F,IF,Feb 21
1222,Asscher,"$1,448",0.60,Very Good,E,VS2,Feb 20
1223,Asscher,"$1,448",0.70,Very Good,D,SI1,Feb 16
1224,Asscher,"$1,453",0.74,Very Good,H,VS2,Feb 22
1225,Asscher,"$1,453",0.71,Very Good,H,VVS2,Feb 14
1226,Asscher,"$1,455",0.72,Very Good,H,VS1,Feb 20
1227,Asscher,"$1,459",0.60,Very Good,E,VS2,Feb 10
1228,Asscher,"$1,467",0.61,Very Good,E,VVS2,Feb 16
1229,Asscher,"$1,471",0.73,Very Good,J,VS1,Feb 10
1230,Asscher,"$1,473",0.70,Very Good,H,VVS1,Feb 14
1231,Asscher,"$1,478",0.72,Very Good,F,VS2,Feb 22
1232,Asscher,"$1,479",0.57,Very Good,G,VVS1,Feb 14
1233,Asscher,"$1,482",0.50,Very Good,D,VVS1,Feb 14
1234,Asscher,"$1,483",0.63,Very Good,G,VVS1,Feb 21
1235,Asscher,"$1,496",0.70,Very Good,H,VVS1,Feb 21
1236,Asscher,"$1,501",0.70,Very Good,H,VVS2,Feb 14
1237,Asscher,"$1,503",0.52,Very Good,D,VVS2,Feb 14
1238,Asscher,"$1,506",0.63,Very Good,D,VS1,Feb 13
1239,Asscher,"$1,510",0.70,Very Good,F,SI1,Feb 16
1240,Asscher,"$1,522",0.76,Very Good,J,VVS1,Feb 22
1241,Asscher,"$1,524",0.56,Very Good,F,VVS2,Feb 10
1242,Asscher,"$1,526",0.52,Very Good,F,IF,Feb 14
1243,Asscher,"$1,530",0.76,Very Good,I,SI1,Feb 21
1244,Asscher,"$1,533",0.73,Very Good,H,VS1,Feb 14
1245,Asscher,"$1,536",0.59,Very Good,F,IF,Feb 21
1246,Asscher,"$1,538",0.74,Very Good,H,VS1,Feb 14
1247,Asscher,"$1,541",0.70,Very Good,H,VVS1,Feb 20
1248,Asscher,"$1,542",0.70,Very Good,E,SI1,Feb 14
1249,Asscher,"$1,548",0.72,Very Good,I,IF,Feb 20
1250,Asscher,"$1,548",0.70,Very Good,I,VVS2,Feb 21
1251,Asscher,"$1,552",0.70,Very Good,G,VS1,Feb 20
1252,Asscher,"$1,557",0.51,Very Good,D,VVS1,Feb 14
1253,Asscher,"$1,558",0.56,Very Good,F,VS1,Feb 17
1254,Asscher,"$1,567",0.70,Very Good,F,SI1,Feb 22
1255,Asscher,"$1,569",0.70,Very Good,F,VS1,Feb 14
1256,Asscher,"$1,574",0.50,Very Good,G,VS2,Feb 9
1257,Asscher,"$1,574",0.80,Very Good,J,VS1,Feb 21
1258,Asscher,"$1,580",0.70,Very Good,E,SI1,Feb 16
1259,Asscher,"$1,585",0.71,Very Good,G,VVS2,Feb 14
1260,Asscher,"$1,586",0.64,Very Good,H,VS2,Feb 17
1261,Asscher,"$1,589",0.71,Very Good,F,SI1,Feb 22
1262,Asscher,"$1,591",0.70,Very Good,F,VVS2,Feb 14
1263,Asscher,"$1,592",0.70,Very Good,I,VVS1,Feb 16
1264,Asscher,"$1,594",0.62,Very Good,G,IF,Feb 21
1265,Asscher,"$1,596",0.71,Very Good,H,VVS2,Feb 16
1266,Asscher,"$1,597",0.70,Very Good,H,IF,Feb 14
1267,Asscher,"$1,597",0.70,Very Good,F,VS1,Feb 14
1268,Asscher,"$1,608",0.50,Very Good,F,IF,Feb 10
1269,Asscher,"$1,608",0.70,Very Good,G,VVS2,Feb 20
1270,Asscher,"$1,608",0.71,Very Good,I,VS1,Feb 16
1271,Asscher,"$1,609",0.70,Very Good,F,VS1,Feb 14
1272,Asscher,"$1,614",0.70,Very Good,H,VVS1,Feb 20
1273,Asscher,"$1,619",0.70,Very Good,H,VVS2,Feb 20
1274,Asscher,"$1,621",0.70,Very Good,G,VVS1,Feb 14
1275,Asscher,"$1,629",0.70,Very Good,F,VS1,Feb 14
1276,Asscher,"$1,629",0.70,Very Good,G,VVS1,Feb 14
1277,Asscher,"$1,631",0.73,Very Good,F,SI1,Feb 22
1278,Asscher,"$1,632",0.56,Very Good,E,IF,Feb 10
1279,Asscher,"$1,641",0.70,Very Good,G,VVS1,Feb 14
1280,Asscher,"$1,645",0.70,Very Good,G,VS1,Feb 20
1281,Asscher,"$1,646",0.70,Very Good,E,VS1,Feb 14
1282,Asscher,"$1,650",0.70,Very Good,H,IF,Feb 16
1283,Asscher,"$1,653",0.70,Very Good,J,VS2,Feb 10
1284,Asscher,"$1,653",0.70,Very Good,F,VVS1,Feb 14
1285,Asscher,"$1,657",0.70,Very Good,I,VVS1,Feb 16
1286,Asscher,"$1,667",0.70,Very Good,H,VVS1,Feb 13
1287,Asscher,"$1,674",0.70,Very Good,E,VS1,Feb 14
1288,Asscher,"$1,674",0.71,Very Good,E,SI1,Feb 22
1289,Asscher,"$1,677",0.70,Very Good,G,VVS2,Feb 20
1290,Asscher,"$1,677",0.70,Very Good,G,VVS2,Feb 20
1291,Asscher,"$1,678",0.70,Very Good,G,VVS2,Feb 16
1292,Asscher,"$1,682",0.90,Very Good,J,VS2,Feb 16
1293,Asscher,"$1,685",0.62,Very Good,G,VS2,Feb 17
1294,Asscher,"$1,687",0.74,Very Good,I,VS1,Feb 16
1295,Asscher,"$1,692",0.60,Very Good,D,VVS1,Feb 16
1296,Asscher,"$1,693",0.70,Very Good,H,VVS1,Feb 20
1297,Asscher,"$1,693",0.70,Very Good,H,VVS1,Feb 20
1298,Asscher,"$1,699",0.54,Very Good,D,IF,Feb 22
1299,Asscher,"$1,700",0.70,Very Good,E,VVS2,Feb 14
1300,Asscher,"$1,706",0.70,Very Good,H,VVS2,Feb 16
1301,Asscher,"$1,711",0.70,Very Good,F,VVS2,Feb 14
1302,Asscher,"$1,715",0.71,Very Good,G,VS1,Feb 20
1303,Asscher,"$1,715",0.71,Very Good,G,VS2,Feb 22
1304,Asscher,"$1,715",0.71,Very Good,G,VS2,Feb 22
1305,Asscher,"$1,715",0.71,Very Good,G,VS2,Feb 22
1306,Asscher,"$1,716",0.70,Very Good,G,VS2,Feb 16
1307,Asscher,"$1,724",0.70,Very Good,H,VVS2,Feb 16
1308,Asscher,"$1,726",0.71,Very Good,D,SI1,Feb 16
1309,Asscher,"$1,727",0.70,Very Good,F,VVS1,Feb 14
1310,Asscher,"$1,727",0.70,Very Good,F,VVS1,Feb 14
1311,Asscher,"$1,727",0.70,Very Good,F,VVS1,Feb 14
1312,Asscher,"$1,741",0.70,Very Good,F,VS2,Feb 21
1313,Asscher,"$1,742",0.80,Very Good,G,SI1,Feb 22
1314,Asscher,"$1,745",0.72,Very Good,I,VVS1,Feb 22
1315,Asscher,"$1,746",0.70,Very Good,D,VVS2,Feb 14
1316,Asscher,"$1,750",0.83,Very Good,J,VS1,Feb 10
1317,Asscher,"$1,753",0.70,Very Good,F,VS1,Feb 20
1318,Asscher,"$1,753",0.70,Very Good,H,VS1,Feb 21
1319,Asscher,"$1,759",0.51,Very Good,D,IF,Feb 14
1320,Asscher,"$1,762",0.76,Very Good,I,VS1,Feb 21
1321,Asscher,"$1,764",0.72,Very Good,E,VVS2,Feb 14
1322,Asscher,"$1,765",0.81,Very Good,E,SI1,Feb 21
1323,Asscher,"$1,767",0.72,Very Good,E,VS1,Feb 22
1324,Asscher,"$1,768",0.52,Very Good,F,VS1,Feb 9
1325,Asscher,"$1,776",0.71,Very Good,F,VS1,Feb 20
1326,Asscher,"$1,776",0.70,Very Good,F,VS1,Feb 20
1327,Asscher,"$1,782",0.60,Very Good,F,IF,Feb 10
1328,Asscher,"$1,783",0.62,Very Good,E,VS2,Feb 17
1329,Asscher,"$1,783",0.70,Very Good,F,VVS1,Feb 14
1330,Asscher,"$1,794",0.74,Very Good,E,VS2,Feb 13
1331,Asscher,"$1,807",0.70,Very Good,I,VS1,Feb 10
1332,Asscher,"$1,807",0.70,Very Good,I,VS1,Feb 10
1333,Asscher,"$1,808",0.71,Very Good,G,VS1,Feb 16
1334,Asscher,"$1,813",0.74,Very Good,E,VS1,Feb 22
1335,Asscher,"$1,815",0.70,Very Good,F,VS2,Feb 22
1336,Asscher,"$1,819",0.70,Very Good,G,VVS1,Feb 22
1337,Asscher,"$1,822",0.70,Very Good,H,VS1,Feb 16
1338,Asscher,"$1,823",0.44,Very Good,E,FL,Feb 9
1339,Asscher,"$1,830",0.71,Very Good,F,VVS2,Feb 20
1340,Asscher,"$1,831",0.51,Very Good,F,VVS2,Feb 9
1341,Asscher,"$1,836",0.71,Very Good,H,VVS2,Feb 22
1342,Asscher,"$1,840",0.64,Very Good,I,VVS2,Feb 9
1343,Asscher,"$1,841",0.71,Very Good,F,VS2,Feb 22
1344,Asscher,"$1,841",0.71,Very Good,F,VS2,Feb 22
1345,Asscher,"$1,841",0.71,Very Good,F,VS2,Feb 22
1346,Asscher,"$1,842",0.61,Very Good,F,VVS2,Feb 20
1347,Asscher,"$1,842",0.71,Very Good,F,VVS1,Feb 20
1348,Asscher,"$1,843",0.71,Very Good,G,VVS2,Feb 20
1349,Asscher,"$1,846",0.60,Very Good,E,VS1,Feb 17
1350,Asscher,"$1,846",0.60,Very Good,E,VS1,Feb 17
1351,Asscher,"$1,850",0.71,Very Good,H,IF,Feb 22
1352,Asscher,"$1,850",0.71,Very Good,H,IF,Feb 22
1353,Asscher,"$1,851",0.73,Very Good,H,VS1,Feb 21
1354,Asscher,"$1,852",0.70,Very Good,H,VS1,Feb 21
1355,Asscher,"$1,852",0.70,Very Good,E,VVS1,Feb 14
1356,Asscher,"$1,856",0.60,Very Good,H,VS1,Feb 9
1357,Asscher,"$1,858",0.70,Very Good,H,VVS1,Feb 22
1358,Asscher,"$1,868",0.72,Very Good,G,VVS1,Feb 22
1359,Asscher,"$1,868",0.63,Very Good,D,VVS2,Feb 22
1360,Asscher,"$1,875",0.70,Very Good,I,VVS1,Feb 21
1361,Asscher,"$1,877",0.71,Very Good,H,VS2,Feb 21
1362,Asscher,"$1,886",0.80,Very Good,I,VVS2,Feb 16
1363,Asscher,"$1,889",0.72,Very Good,G,VVS1,Feb 20
1364,Asscher,"$1,897",0.81,Very Good,F,SI1,Feb 21
1365,Asscher,"$1,899",0.70,Very Good,E,VS2,Feb 22
1366,Asscher,"$1,908",0.76,Very Good,G,VVS2,Feb 20
1367,Asscher,"$1,913",0.70,Very Good,E,VS1,Feb 16
1368,Asscher,"$1,914",0.70,Very Good,F,VVS2,Feb 20
1369,Asscher,"$1,919",0.80,Very Good,H,VS2,Feb 22
1370,Asscher,"$1,920",0.70,Very Good,D,VS1,Feb 13
1371,Asscher,"$1,921",0.70,Very Good,D,VS1,Feb 20
1372,Asscher,"$1,924",0.71,Very Good,D,VS2,Feb 21
1373,Asscher,"$1,925",0.93,Very Good,J,VVS1,Feb 21
1374,Asscher,"$1,927",0.71,Very Good,E,VS2,Feb 22
1375,Asscher,"$1,927",0.71,Very Good,E,VS2,Feb 22
1376,Asscher,"$1,932",0.70,Very Good,G,VVS1,Feb 20
1377,Asscher,"$1,933",0.70,Very Good,E,VS1,Feb 16
1378,Asscher,"$1,935",0.70,Very Good,D,VVS1,Feb 14
1379,Asscher,"$1,935",0.70,Very Good,D,VVS1,Feb 14
1380,Asscher,"$1,935",0.70,Very Good,D,VVS1,Feb 14
1381,Asscher,"$1,940",0.71,Very Good,F,VVS2,Feb 20
1382,Asscher,"$1,942",0.71,Very Good,F,VS2,Feb 16
1383,Asscher,"$1,943",0.90,Very Good,I,SI1,Feb 22
1384,Asscher,"$1,945",0.72,Very Good,G,VVS1,Feb 20
1385,Asscher,"$1,950",0.70,Very Good,D,SI1,Feb 10
1386,Asscher,"$1,952",0.72,Very Good,E,VS2,Feb 22
1387,Asscher,"$1,954",0.71,Very Good,G,IF,Feb 22
1388,Asscher,"$1,957",0.71,Very Good,E,VS2,Feb 21
1389,Asscher,"$1,957",0.90,Very Good,J,VVS2,Feb 21
1390,Asscher,"$1,960",0.72,Very Good,I,VVS1,Feb 21
1391,Asscher,"$1,963",0.70,Very Good,I,VVS1,Feb 21
1392,Asscher,"$1,963",0.70,Very Good,F,VS1,Feb 16
1393,Asscher,"$1,967",0.51,Very Good,F,VVS2,Feb 10
1394,Asscher,"$1,974",0.70,Very Good,I,VVS2,Feb 21
1395,Asscher,"$1,984",0.70,Very Good,F,VS1,Feb 22
1396,Asscher,"$1,990",1.01,Very Good,J,SI1,Feb 16
1397,Asscher,"$2,001",0.71,Very Good,F,VVS1,Feb 22
1398,Asscher,"$2,004",0.70,Very Good,G,VVS2,Feb 16
1399,Asscher,"$2,010",0.71,Very Good,F,VS1,Feb 22
1400,Asscher,"$2,015",0.70,Very Good,D,SI1,Feb 21
1401,Asscher,"$2,019",0.70,Very Good,H,VS2,Feb 21
1402,Asscher,"$2,020",0.73,Very Good,I,IF,Feb 21
1403,Asscher,"$2,025",0.66,Very Good,F,VVS2,Feb 17
1404,Asscher,"$2,028",0.72,Very Good,F,VVS1,Feb 22
1405,Asscher,"$2,030",0.45,Very Good,D,IF,Feb 9
1406,Asscher,"$2,048",0.80,Very Good,E,VS1,Feb 20
1407,Asscher,"$2,049",0.70,Very Good,D,VS1,Feb 21
1408,Asscher,"$2,049",0.70,Very Good,D,VS1,Feb 14
1409,Asscher,"$2,050",0.60,Very Good,D,IF,Feb 14
1410,Asscher,"$2,053",0.78,Very Good,G,VVS1,Feb 20
1411,Asscher,"$2,054",0.70,Very Good,F,VVS1,Feb 20
1412,Asscher,"$2,055",0.83,Very Good,I,VS1,Feb 22
1413,Asscher,"$2,068",0.70,Very Good,F,VVS2,Feb 22
1414,Asscher,"$2,069",0.70,Very Good,G,VVS1,Feb 22
1415,Asscher,"$2,073",0.90,Very Good,E,SI2,Feb 16
1416,Asscher,"$2,076",0.90,Very Good,H,VS2,Feb 14
1417,Asscher,"$2,084",0.73,Very Good,G,VVS2,Feb 16
1418,Asscher,"$2,087",0.83,Very Good,G,SI1,Feb 22
1419,Asscher,"$2,096",0.71,Very Good,F,VVS2,Feb 22
1420,Asscher,"$2,105",0.81,Very Good,I,VVS1,Feb 22
1421,Asscher,"$2,109",0.70,Very Good,E,VS2,Feb 16
1422,Asscher,"$2,110",1.00,Very Good,I,SI2,Feb 13
1423,Asscher,"$2,116",0.84,Very Good,H,VVS1,Feb 20
1424,Asscher,"$2,124",0.80,Very Good,H,VVS2,Feb 16
1425,Asscher,"$2,125",0.70,Very Good,E,SI2,Feb 17
1426,Asscher,"$2,128",0.71,Very Good,E,VVS1,Feb 16
1427,Asscher,"$2,131",0.80,Very Good,F,VS1,Feb 16
1428,Asscher,"$2,134",0.70,Very Good,E,SI1,Feb 10
1429,Asscher,"$2,134",0.72,Very Good,D,VS1,Feb 16
1430,Asscher,"$2,135",0.80,Very Good,G,VS2,Feb 16
1431,Asscher,"$2,142",0.72,Very Good,G,IF,Feb 20
1432,Asscher,"$2,144",0.80,Very Good,G,VVS1,Feb 20
1433,Asscher,"$2,150",0.70,Very Good,E,VVS2,Feb 10
1434,Asscher,"$2,150",0.70,Very Good,E,VVS2,Feb 22
1435,Asscher,"$2,151",0.71,Very Good,E,VVS2,Feb 16
1436,Asscher,"$2,153",0.65,Very Good,E,VVS2,Feb 17
1437,Asscher,"$2,153",0.80,Very Good,H,IF,Feb 20
1438,Asscher,"$2,154",0.70,Very Good,F,SI1,Feb 10
1439,Asscher,"$2,154",0.70,Very Good,F,SI1,Feb 10
1440,Asscher,"$2,154",0.80,Very Good,G,VVS2,Feb 20
1441,Asscher,"$2,167",0.80,Very Good,F,VS2,Feb 22
1442,Asscher,"$2,181",0.71,Very Good,G,VS2,Feb 21
1443,Asscher,"$2,181",0.71,Very Good,G,IF,Feb 22
1444,Asscher,"$2,181",0.71,Very Good,D,VS1,Feb 22
1445,Asscher,"$2,193",0.81,Very Good,F,VS2,Feb 22
1446,Asscher,"$2,195",0.70,Very Good,E,VVS1,Feb 16
1447,Asscher,"$2,201",1.01,Very Good,J,SI2,Feb 17
1448,Asscher,"$2,203",0.50,Very Good,D,VVS1,Feb 9
1449,Asscher,"$2,203",0.50,Very Good,E,IF,Feb 9
1450,Asscher,"$2,205",0.75,Very Good,E,SI1,Feb 10
1451,Asscher,"$2,206",0.72,Very Good,D,VVS2,Feb 16
1452,Asscher,"$2,208",0.70,Very Good,G,VS1,Feb 10
1453,Asscher,"$2,209",0.72,Very Good,F,VVS1,Feb 22
1454,Asscher,"$2,216",0.71,Very Good,H,VS1,Feb 10
1455,Asscher,"$2,217",0.71,Very Good,G,VS1,Feb 17
1456,Asscher,"$2,219",0.70,Very Good,D,VVS2,Feb 16
1457,Asscher,"$2,220",1.02,Very Good,J,SI2,Feb 17
1458,Asscher,"$2,227",0.70,Very Good,H,IF,Feb 21
1459,Asscher,"$2,231",1.01,Very Good,J,SI1,Feb 22
1460,Asscher,"$2,233",0.91,Very Good,F,SI2,Feb 22
1461,Asscher,"$2,241",0.80,Very Good,E,VS2,Feb 22
1462,Asscher,"$2,244",0.80,Very Good,G,VVS1,Feb 20
1463,Asscher,"$2,247",0.80,Very Good,H,VS1,Feb 22
1464,Asscher,"$2,248",0.83,Very Good,E,VS2,Feb 20
1465,Asscher,"$2,259",0.70,Very Good,E,VS2,Feb 10
1466,Asscher,"$2,259",0.70,Very Good,E,VS2,Feb 10
1467,Asscher,"$2,260",0.79,Very Good,H,VS1,Feb 10
1468,Asscher,"$2,265",0.91,Very Good,H,SI1,Feb 22
1469,Asscher,"$2,267",0.70,Very Good,F,VVS2,Feb 16
1470,Asscher,"$2,268",0.72,Very Good,G,VS1,Feb 10
1471,Asscher,"$2,271",0.77,Very Good,H,VVS2,Feb 10
1472,Asscher,"$2,278",0.84,Very Good,D,SI1,Feb 22
1473,Asscher,"$2,280",1.03,Very Good,J,SI1,Feb 21
1474,Asscher,"$2,283",0.82,Very Good,E,VS1,Feb 22
1475,Asscher,"$2,288",0.92,Very Good,I,VS2,Feb 16
1476,Asscher,"$2,288",0.92,Very Good,I,VS2,Feb 16
1477,Asscher,"$2,294",0.51,Very Good,E,IF,Feb 9
1478,Asscher,"$2,294",0.70,Very Good,E,VVS1,Feb 16
1479,Asscher,"$2,295",0.90,Very Good,H,VVS1,Feb 21
1480,Asscher,"$2,296",0.74,Very Good,D,VS1,Feb 21
1481,Asscher,"$2,299",0.90,Very Good,H,VS2,Feb 16
1482,Asscher,"$2,318",0.50,Very Good,E,IF,Feb 9
1483,Asscher,"$2,321",0.70,Very Good,E,IF,Feb 20
1484,Asscher,"$2,323",0.70,Very Good,E,VVS1,Feb 22
1485,Asscher,"$2,327",0.70,Very Good,G,VS2,Feb 10
1486,Asscher,"$2,328",0.70,Very Good,F,VVS1,Feb 10
1487,Asscher,"$2,331",1.00,Very Good,I,SI2,Feb 13
1488,Asscher,"$2,335",0.72,Very Good,E,VVS1,Feb 22
1489,Asscher,"$2,338",0.82,Very Good,G,VS1,Feb 21
1490,Asscher,"$2,339",0.70,Very Good,F,VS1,Feb 20
1491,Asscher,"$2,343",0.90,Very Good,H,VVS2,Feb 14
1492,Asscher,"$2,347",0.70,Very Good,F,VS2,Feb 10
1493,Asscher,"$2,347",0.70,Very Good,F,VS2,Feb 10
1494,Asscher,"$2,352",0.72,Very Good,E,VVS1,Feb 16
1495,Asscher,"$2,356",0.70,Very Good,D,VS2,Feb 10
1496,Asscher,"$2,356",0.80,Very Good,H,VVS2,Feb 22
1497,Asscher,"$2,360",0.70,Very Good,G,VVS2,Feb 21
1498,Asscher,"$2,367",0.70,Very Good,G,VVS1,Feb 20
1499,Asscher,"$2,371",0.90,Very Good,J,VS2,Feb 10
1500,Asscher,"$2,376",0.65,Very Good,E,VS1,Feb 9
1501,Asscher,"$2,379",0.81,Very Good,H,VS1,Feb 21
1502,Asscher,"$2,382",0.80,Very Good,G,VVS2,Feb 20
1503,Asscher,"$2,387",0.90,Very Good,H,VS1,Feb 16
1504,Asscher,"$2,391",0.72,Very Good,G,VS2,Feb 10
1505,Asscher,"$2,393",0.72,Very Good,F,VVS1,Feb 10
1506,Asscher,"$2,412",0.84,Very Good,F,SI1,Feb 22
1507,Asscher,"$2,413",0.57,Very Good,E,VVS1,Feb 9
1508,Asscher,"$2,428",0.90,Very Good,J,VS1,Feb 10
1509,Asscher,"$2,436",0.75,Very Good,G,VVS1,Feb 10
1510,Asscher,"$2,441",0.71,Very Good,F,IF,Feb 13
1511,Asscher,"$2,442",0.81,Very Good,F,VS1,Feb 16
1512,Asscher,"$2,443",0.90,Very Good,I,VS2,Feb 21
1513,Asscher,"$2,443",0.78,Very Good,I,IF,Feb 10
1514,Asscher,"$2,447",0.81,Very Good,G,VS2,Feb 20
1515,Asscher,"$2,450",0.74,Very Good,D,VVS2,Feb 22
1516,Asscher,"$2,454",0.81,Very Good,H,VVS1,Feb 22
1517,Asscher,"$2,456",0.70,Very Good,F,VVS2,Feb 10
1518,Asscher,"$2,456",0.70,Very Good,F,VVS2,Feb 10
1519,Asscher,"$2,457",0.74,Very Good,F,VVS1,Feb 10
1520,Asscher,"$2,458",0.82,Very Good,H,VVS2,Feb 22
1521,Asscher,"$2,460",0.70,Very Good,F,VVS2,Feb 20
1522,Asscher,"$2,462",0.70,Very Good,D,VVS2,Feb 21
1523,Asscher,"$2,463",0.73,Very Good,F,VVS1,Feb 21
1524,Asscher,"$2,467",0.70,Very Good,G,VVS1,Feb 21
1525,Asscher,"$2,468",0.94,Very Good,J,VVS2,Feb 13
1526,Asscher,"$2,469",0.81,Very Good,G,VVS2,Feb 22
1527,Asscher,"$2,483",0.80,Very Good,H,VVS2,Feb 10
1528,Asscher,"$2,487",0.90,Very Good,I,VVS1,Feb 16
1529,Asscher,"$2,489",0.70,Very Good,E,VVS1,Feb 16
1530,Asscher,"$2,490",1.02,Very Good,J,SI1,Feb 13
1531,Asscher,"$2,493",1.01,Very Good,J,VVS1,Feb 16
1532,Asscher,"$2,496",0.90,Very Good,J,VVS2,Feb 10
1533,Asscher,"$2,497",0.90,Very Good,H,VVS1,Feb 20
1534,Asscher,"$2,502",1.00,Very Good,J,SI1,Feb 13
1535,Asscher,"$2,510",0.90,Very Good,J,VS1,Feb 10
1536,Asscher,"$2,510",0.70,Very Good,D,VS1,Feb 10
1537,Asscher,"$2,510",0.90,Very Good,J,VS1,Feb 10
1538,Asscher,"$2,517",0.90,Very Good,H,VS2,Feb 16
1539,Asscher,"$2,517",0.81,Very Good,G,VVS2,Feb 22
1540,Asscher,"$2,519",0.83,Very Good,E,VS1,Feb 22
1541,Asscher,"$2,524",0.94,Very Good,I,VVS2,Feb 22
1542,Asscher,"$2,525",0.78,Very Good,I,VS2,Feb 9
1543,Asscher,"$2,526",0.81,Very Good,E,VVS2,Feb 22
1544,Asscher,"$2,529",0.91,Very Good,H,VS2,Feb 22
1545,Asscher,"$2,533",0.97,Very Good,H,SI1,Feb 21
1546,Asscher,"$2,533",0.74,Very Good,G,VS1,Feb 10
1547,Asscher,"$2,534",0.90,Very Good,E,SI1,Feb 16
1548,Asscher,"$2,538",0.70,Very Good,F,VVS1,Feb 21
1549,Asscher,"$2,543",0.91,Very Good,H,VVS2,Feb 20
1550,Asscher,"$2,544",0.80,Very Good,G,VVS1,Feb 22
1551,Asscher,"$2,546",0.82,Very Good,H,VS1,Feb 10
1552,Asscher,"$2,551",0.82,Very Good,H,VS2,Feb 10
1553,Asscher,"$2,554",1.00,Very Good,I,SI1,Feb 17
1554,Asscher,"$2,561",0.78,Very Good,H,VVS1,Feb 21
1555,Asscher,"$2,563",0.81,Very Good,I,FL,Feb 21
1556,Asscher,"$2,563",0.81,Very Good,G,VVS2,Feb 22
1557,Asscher,"$2,573",0.90,Very Good,G,VS2,Feb 21
1558,Asscher,"$2,575",0.82,Very Good,H,VS1,Feb 21
1559,Asscher,"$2,584",0.90,Very Good,F,VS1,Feb 14
1560,Asscher,"$2,585",0.75,Very Good,D,SI1,Feb 10
1561,Asscher,"$2,585",0.66,Very Good,D,VVS1,Feb 20
1562,Asscher,"$2,589",0.91,Very Good,I,VVS2,Feb 13
1563,Asscher,"$2,592",0.91,Very Good,F,SI1,Feb 13
1564,Asscher,"$2,595",0.75,Very Good,G,VVS2,Feb 10
1565,Asscher,"$2,596",0.80,Very Good,E,VS1,Feb 22
1566,Asscher,"$2,603",0.73,Very Good,G,VVS1,Feb 20
1567,Asscher,"$2,603",0.83,Very Good,E,VS2,Feb 21
1568,Asscher,"$2,604",0.81,Very Good,F,VS2,Feb 20
1569,Asscher,"$2,606",0.80,Very Good,H,VS1,Feb 20
1570,Asscher,"$2,613",0.70,Very Good,E,VVS1,Feb 21
1571,Asscher,"$2,629",0.81,Very Good,H,IF,Feb 21
1572,Asscher,"$2,632",0.81,Very Good,G,VS1,Feb 22
1573,Asscher,"$2,645",0.90,Very Good,I,VVS1,Feb 16
1574,Asscher,"$2,658",0.81,Very Good,H,VVS1,Feb 21
1575,Asscher,"$2,659",0.90,Very Good,J,VVS2,Feb 10
1576,Asscher,"$2,661",0.81,Very Good,G,VVS2,Feb 21
1577,Asscher,"$2,664",0.82,Very Good,H,VVS2,Feb 20
1578,Asscher,"$2,664",0.78,Very Good,H,VVS1,Feb 10
1579,Asscher,"$2,668",1.01,Very Good,J,SI1,Feb 17
1580,Asscher,"$2,669",0.70,Very Good,E,VS1,Feb 10
1581,Asscher,"$2,669",0.80,Very Good,F,VS2,Feb 10
1582,Asscher,"$2,669",0.80,Very Good,F,VS2,Feb 10
1583,Asscher,"$2,671",0.81,Very Good,G,VVS1,Feb 22
1584,Asscher,"$2,671",0.81,Very Good,G,VVS1,Feb 22
1585,Asscher,"$2,674",0.81,Very Good,H,VVS1,Feb 22
1586,Asscher,"$2,679",0.90,Very Good,H,VVS1,Feb 16
1587,Asscher,"$2,680",1.00,Very Good,I,SI1,Feb 22
1588,Asscher,"$2,684",0.82,Very Good,E,VVS1,Feb 20
1589,Asscher,"$2,685",0.80,Very Good,G,VS2,Feb 10
1590,Asscher,"$2,691",0.90,Very Good,E,VS1,Feb 20
1591,Asscher,"$2,701",0.70,Very Good,F,IF,Feb 10
1592,Asscher,"$2,705",0.91,Very Good,E,SI1,Feb 17
1593,Asscher,"$2,707",0.71,Very Good,E,VS1,Feb 10
1594,Asscher,"$2,712",0.80,Very Good,F,VVS1,Feb 21
1595,Asscher,"$2,715",1.00,Very Good,J,VVS1,Feb 20
1596,Asscher,"$2,717",0.72,Very Good,H,VS1,Feb 9
1597,Asscher,"$2,718",0.77,Very Good,G,VS1,Feb 10
1598,Asscher,"$2,721",0.91,Very Good,H,VS2,Feb 21
1599,Asscher,"$2,727",0.80,Very Good,F,VVS1,Feb 21
1600,Asscher,"$2,728",1.01,Very Good,I,SI2,Feb 22
1601,Asscher,"$2,740",0.71,Very Good,F,IF,Feb 10
1602,Asscher,"$2,740",0.72,Very Good,G,VVS2,Feb 14
1603,Asscher,"$2,753",0.90,Very Good,H,VVS1,Feb 21
1604,Asscher,"$2,753",0.91,Very Good,I,VVS1,Feb 16
1605,Asscher,"$2,757",0.90,Very Good,G,VS2,Feb 16
1606,Asscher,"$2,758",1.01,Very Good,I,VS1,Feb 22
1607,Asscher,"$2,758",1.01,Very Good,I,SI1,Feb 16
1608,Asscher,"$2,763",0.90,Very Good,G,VS1,Feb 20
1609,Asscher,"$2,768",0.82,Very Good,G,VS1,Feb 21
1610,Asscher,"$2,770",0.90,Very Good,I,IF,Feb 21
1611,Asscher,"$2,770",0.84,Very Good,G,VVS1,Feb 22
1612,Asscher,"$2,771",1.07,Very Good,I,SI1,Feb 17
1613,Asscher,"$2,781",0.91,Very Good,I,VVS1,Feb 21
1614,Asscher,"$2,782",0.81,Very Good,F,VS2,Feb 21
1615,Asscher,"$2,784",0.92,Very Good,I,VVS2,Feb 10
1616,Asscher,"$2,785",0.90,Very Good,I,VS2,Feb 10
1617,Asscher,"$2,785",0.90,Very Good,I,VS2,Feb 10
1618,Asscher,"$2,785",0.90,Very Good,I,VS2,Feb 10
1619,Asscher,"$2,785",0.80,Very Good,G,VVS1,Feb 22
1620,Asscher,"$2,786",0.79,Very Good,G,VS1,Feb 10
1621,Asscher,"$2,786",0.90,Very Good,G,VS1,Feb 22
1622,Asscher,"$2,789",0.82,Very Good,F,IF,Feb 20
1623,Asscher,"$2,790",0.80,Very Good,E,VVS2,Feb 16
1624,Asscher,"$2,797",0.81,Very Good,D,VS1,Feb 22
1625,Asscher,"$2,798",0.82,Very Good,H,VVS1,Feb 22
1626,Asscher,"$2,799",0.80,Very Good,G,VVS2,Feb 21
1627,Asscher,"$2,804",0.82,Very Good,G,VVS1,Feb 22
1628,Asscher,"$2,804",0.80,Very Good,E,VVS1,Feb 22
1629,Asscher,"$2,813",0.90,Very Good,H,VS1,Feb 21
1630,Asscher,"$2,814",1.01,Very Good,J,VS1,Feb 16
1631,Asscher,"$2,815",0.91,Very Good,G,VS1,Feb 22
1632,Asscher,"$2,818",0.90,Very Good,G,VVS2,Feb 22
1633,Asscher,"$2,819",0.82,Very Good,G,IF,Feb 21
1634,Asscher,"$2,822",0.91,Very Good,H,VVS1,Feb 21
1635,Asscher,"$2,826",1.00,Very Good,J,IF,Feb 20
1636,Asscher,"$2,826",0.84,Very Good,F,VVS2,Feb 22
1637,Asscher,"$2,843",1.01,Very Good,J,VVS2,Feb 16
1638,Asscher,"$2,843",0.80,Very Good,G,VVS1,Feb 21
1639,Asscher,"$2,843",0.81,Very Good,E,VS1,Feb 21
1640,Asscher,"$2,850",0.90,Very Good,G,VS1,Feb 22
1641,Asscher,"$2,857",0.80,Very Good,E,VVS2,Feb 22
1642,Asscher,"$2,857",0.80,Very Good,E,VVS2,Feb 22
1643,Asscher,"$2,867",1.01,Very Good,I,VS2,Feb 22
1644,Asscher,"$2,867",0.76,Very Good,H,IF,Feb 10
1645,Asscher,"$2,876",0.93,Very Good,J,VS2,Feb 10
1646,Asscher,"$2,884",0.80,Very Good,G,VVS1,Feb 22
1647,Asscher,"$2,893",0.80,Very Good,D,VVS2,Feb 22
1648,Asscher,"$2,895",0.76,Very Good,G,VVS2,Feb 10
1649,Asscher,"$2,895",0.80,Very Good,F,VVS2,Feb 22
1650,Asscher,"$2,903",0.90,Very Good,J,VVS2,Feb 22
1651,Asscher,"$2,905",0.91,Very Good,I,VS2,Feb 21
1652,Asscher,"$2,906",1.00,Very Good,H,VS2,Feb 22
1653,Asscher,"$2,906",0.80,Very Good,F,VVS1,Feb 22
1654,Asscher,"$2,909",0.96,Very Good,J,VVS1,Feb 10
1655,Asscher,"$2,913",0.90,Very Good,F,VS2,Feb 22
1656,Asscher,"$2,914",0.90,Very Good,E,VS2,Feb 21
1657,Asscher,"$2,914",1.01,Very Good,J,VS1,Feb 10
1658,Asscher,"$2,914",1.01,Very Good,J,VS1,Feb 10
1659,Asscher,"$2,925",1.01,Very Good,J,VS1,Feb 21
1660,Asscher,"$2,925",0.90,Very Good,G,VS1,Feb 13
1661,Asscher,"$2,928",0.91,Very Good,I,VS1,Feb 10
1662,Asscher,"$2,931",0.80,Very Good,G,VVS1,Feb 22
1663,Asscher,"$2,936",0.51,Very Good,D,IF,Feb 9
1664,Asscher,"$2,945",0.81,Very Good,F,VVS2,Feb 21
1665,Asscher,"$2,948",0.75,Very Good,F,VVS2,Feb 10
1666,Asscher,"$2,948",0.84,Very Good,F,VVS2,Feb 21
1667,Asscher,"$2,953",0.90,Very Good,G,VS1,Feb 22
1668,Asscher,"$2,954",1.00,Very Good,F,SI1,Feb 17
1669,Asscher,"$2,958",1.01,Very Good,J,VVS1,Feb 21
1670,Asscher,"$2,963",0.90,Very Good,H,VVS2,Feb 22
1671,Asscher,"$2,972",0.75,Very Good,G,IF,Feb 10
1672,Asscher,"$2,972",0.75,Very Good,F,VVS1,Feb 10
1673,Asscher,"$2,973",0.90,Very Good,F,VVS2,Feb 22
1674,Asscher,"$2,974",0.92,Very Good,F,VS2,Feb 22
1675,Asscher,"$2,981",0.74,Very Good,G,VS1,Feb 13
1676,Asscher,"$2,981",0.90,Very Good,F,VS1,Feb 16
1677,Asscher,"$2,982",0.72,Very Good,H,VVS1,Feb 9
1678,Asscher,"$2,983",1.01,Very Good,F,SI1,Feb 17
1679,Asscher,"$2,986",0.91,Very Good,G,VS1,Feb 22
1680,Asscher,"$2,986",0.80,Very Good,F,VVS1,Feb 16
1681,Asscher,"$2,986",0.91,Very Good,G,VS1,Feb 22
1682,Asscher,"$2,987",1.00,Very Good,I,VVS2,Feb 21
1683,Asscher,"$2,988",0.76,Very Good,F,VVS2,Feb 10
1684,Asscher,"$2,989",1.01,Very Good,J,VS2,Feb 10
1685,Asscher,"$2,995",1.01,Very Good,J,VS2,Feb 16
1686,Asscher,"$2,996",0.90,Very Good,I,VS1,Feb 10
1687,Asscher,"$3,000",1.02,Very Good,F,SI1,Feb 13
1688,Asscher,"$3,004",1.01,Very Good,J,VVS1,Feb 21
1689,Asscher,"$3,008",0.90,Very Good,I,VVS1,Feb 10
1690,Asscher,"$3,008",0.90,Very Good,I,VVS1,Feb 10
1691,Asscher,"$3,015",0.90,Very Good,H,IF,Feb 22
1692,Asscher,"$3,016",0.82,Very Good,F,VVS2,Feb 22
1693,Asscher,"$3,019",0.70,Very Good,F,VS1,Feb 17
1694,Asscher,"$3,020",0.80,Very Good,F,VVS1,Feb 21
1695,Asscher,"$3,025",1.01,Very Good,J,VVS2,Feb 16
1696,Asscher,"$3,025",1.01,Very Good,I,SI1,Feb 16
1697,Asscher,"$3,025",0.80,Very Good,D,VVS2,Feb 22
1698,Asscher,"$3,034",0.92,Very Good,G,VS1,Feb 21
1699,Asscher,"$3,034",0.90,Very Good,G,VVS1,Feb 21
1700,Asscher,"$3,040",1.02,Very Good,J,VVS2,Feb 16
1701,Asscher,"$3,043",0.85,Very Good,E,IF,Feb 22
1702,Asscher,"$3,046",0.90,Very Good,F,VS1,Feb 16
1703,Asscher,"$3,048",0.90,Very Good,G,VVS2,Feb 16
1704,Asscher,"$3,051",0.82,Very Good,G,VVS1,Feb 10
1705,Asscher,"$3,053",1.01,Very Good,J,VVS2,Feb 16
1706,Asscher,"$3,054",1.01,Very Good,I,VS2,Feb 16
1707,Asscher,"$3,056",0.80,Very Good,F,VVS1,Feb 21
1708,Asscher,"$3,061",0.90,Very Good,F,VVS2,Feb 16
1709,Asscher,"$3,061",0.90,Very Good,F,IF,Feb 14
1710,Asscher,"$3,061",0.80,Very Good,F,VVS1,Feb 22
1711,Asscher,"$3,062",0.80,Very Good,G,VVS2,Feb 21
1712,Asscher,"$3,063",1.01,Very Good,H,SI1,Feb 17
1713,Asscher,"$3,071",1.01,Very Good,J,SI1,Feb 13
1714,Asscher,"$3,073",0.72,Very Good,E,VVS2,Feb 14
1715,Asscher,"$3,075",0.93,Very Good,F,VS1,Feb 16
1716,Asscher,"$3,077",0.78,Very Good,F,VS1,Feb 10
1717,Asscher,"$3,078",0.90,Very Good,G,VS1,Feb 16
1718,Asscher,"$3,079",1.02,Very Good,J,VVS2,Feb 22
1719,Asscher,"$3,084",0.82,Very Good,F,VVS1,Feb 22
1720,Asscher,"$3,085",1.01,Very Good,I,VS2,Feb 16
1721,Asscher,"$3,091",0.92,Very Good,G,VVS2,Feb 16
1722,Asscher,"$3,096",0.90,Very Good,E,VVS2,Feb 20
1723,Asscher,"$3,097",1.01,Very Good,J,VVS1,Feb 13
1724,Asscher,"$3,104",0.81,Very Good,E,VS2,Feb 10
1725,Asscher,"$3,108",1.10,Very Good,J,VS2,Feb 13
1726,Asscher,"$3,108",1.01,Very Good,J,VVS2,Feb 10
1727,Asscher,"$3,110",0.83,Very Good,D,SI1,Feb 20
1728,Asscher,"$3,110",1.01,Very Good,J,VVS2,Feb 16
1729,Asscher,"$3,114",0.90,Very Good,F,VS1,Feb 22
1730,Asscher,"$3,114",0.90,Very Good,F,VS1,Feb 22
1731,Asscher,"$3,118",0.75,Very Good,H,VS1,Feb 9
1732,Asscher,"$3,123",0.90,Very Good,E,VS2,Feb 16
1733,Asscher,"$3,124",1.01,Very Good,I,VS2,Feb 21
1734,Asscher,"$3,125",0.93,Very Good,H,VVS2,Feb 16
1735,Asscher,"$3,132",1.16,Very Good,J,SI2,Feb 13
1736,Asscher,"$3,132",1.01,Very Good,I,VS2,Feb 16
1737,Asscher,"$3,141",1.09,Very Good,J,VS1,Feb 10
1738,Asscher,"$3,148",0.91,Very Good,F,VS1,Feb 22
1739,Asscher,"$3,149",0.90,Very Good,G,VS2,Feb 10
1740,Asscher,"$3,153",0.81,Very Good,F,VVS1,Feb 22
1741,Asscher,"$3,158",0.80,Very Good,E,VS2,Feb 10
1742,Asscher,"$3,158",0.80,Very Good,E,VS2,Feb 10
1743,Asscher,"$3,168",0.95,Very Good,I,VVS1,Feb 10
1744,Asscher,"$3,168",0.90,Very Good,D,VS2,Feb 16
1745,Asscher,"$3,179",1.00,Very Good,J,SI1,Feb 20
1746,Asscher,"$3,183",1.03,Very Good,J,VVS1,Feb 21
1747,Asscher,"$3,190",1.00,Very Good,J,VVS2,Feb 10
1748,Asscher,"$3,192",0.78,Very Good,H,VVS2,Feb 9
1749,Asscher,"$3,198",1.01,Very Good,I,VVS1,Feb 20
1750,Asscher,"$3,210",1.01,Very Good,I,VS2,Feb 16
1751,Asscher,"$3,213",0.91,Very Good,F,VS1,Feb 22
1752,Asscher,"$3,222",1.01,Very Good,I,SI1,Feb 10
1753,Asscher,"$3,222",1.01,Very Good,I,SI1,Feb 10
1754,Asscher,"$3,222",0.91,Very Good,E,VVS2,Feb 20
1755,Asscher,"$3,224",1.01,Very Good,J,IF,Feb 16
1756,Asscher,"$3,226",1.02,Very Good,G,SI1,Feb 16
1757,Asscher,"$3,228",0.79,Very Good,D,VS1,Feb 10
1758,Asscher,"$3,233",0.73,Very Good,E,IF,Feb 10
1759,Asscher,"$3,235",1.01,Very Good,H,SI1,Feb 17
1760,Asscher,"$3,236",1.20,Very Good,J,SI2,Feb 10
1761,Asscher,"$3,246",1.01,Very Good,H,VS2,Feb 17
1762,Asscher,"$3,261",0.95,Very Good,I,VS1,Feb 10
1763,Asscher,"$3,262",1.01,Very Good,I,VVS2,Feb 13
1764,Asscher,"$3,264",1.01,Very Good,I,VS1,Feb 16
1765,Asscher,"$3,269",0.90,Very Good,H,VVS2,Feb 10
1766,Asscher,"$3,273",0.81,Very Good,E,SI1,Feb 9
1767,Asscher,"$3,275",1.01,Very Good,I,VVS1,Feb 20
1768,Asscher,"$3,282",0.81,Very Good,E,VVS1,Feb 22
1769,Asscher,"$3,288",0.90,Very Good,G,VVS1,Feb 16
1770,Asscher,"$3,290",0.96,Very Good,H,SI1,Feb 10
1771,Asscher,"$3,293",1.02,Very Good,H,VS1,Feb 16
1772,Asscher,"$3,297",1.00,Very Good,H,VVS1,Feb 14
1773,Asscher,"$3,299",0.90,Very Good,I,IF,Feb 10
1774,Asscher,"$3,302",0.91,Very Good,H,VVS2,Feb 10
1775,Asscher,"$3,303",1.01,Very Good,G,SI1,Feb 22
1776,Asscher,"$3,307",0.91,Very Good,E,VS1,Feb 22
1777,Asscher,"$3,312",0.90,Very Good,H,SI1,Feb 17
1778,Asscher,"$3,319",1.01,Very Good,I,VS2,Feb 16
1779,Asscher,"$3,323",1.01,Very Good,J,VS1,Feb 10
1780,Asscher,"$3,326",0.90,Very Good,G,VS1,Feb 20
1781,Asscher,"$3,326",1.01,Very Good,H,VS1,Feb 20
1782,Asscher,"$3,327",0.90,Very Good,E,SI1,Feb 14
1783,Asscher,"$3,333",1.02,Very Good,G,SI1,Feb 17
1784,Asscher,"$3,335",1.02,Very Good,I,VS2,Feb 16
1785,Asscher,"$3,337",1.10,Very Good,J,SI1,Feb 13
1786,Asscher,"$3,345",0.90,Very Good,H,SI1,Feb 10
1787,Asscher,"$3,355",0.90,Very Good,G,VS1,Feb 21
1788,Asscher,"$3,358",1.02,Very Good,H,VVS2,Feb 20
1789,Asscher,"$3,362",1.02,Very Good,I,VVS2,Feb 16
1790,Asscher,"$3,362",1.01,Very Good,H,VS2,Feb 16
1791,Asscher,"$3,368",0.90,Very Good,H,VS1,Feb 10
1792,Asscher,"$3,368",0.90,Very Good,H,VS1,Feb 10
1793,Asscher,"$3,374",0.91,Very Good,G,SI1,Feb 10
1794,Asscher,"$3,375",0.82,Very Good,G,VVS1,Feb 14
1795,Asscher,"$3,377",0.90,Very Good,F,VS1,Feb 10
1796,Asscher,"$3,377",0.82,Very Good,F,VS1,Feb 10
1797,Asscher,"$3,377",1.01,Very Good,H,VVS2,Feb 16
1798,Asscher,"$3,380",1.04,Very Good,D,SI2,Feb 13
1799,Asscher,"$3,398",0.96,Very Good,E,SI1,Feb 10
1800,Asscher,"$3,417",0.80,Very Good,E,VVS1,Feb 21
1801,Asscher,"$3,420",0.82,Very Good,E,VS1,Feb 10
1802,Asscher,"$3,430",0.90,Very Good,G,VS1,Feb 21
1803,Asscher,"$3,431",1.00,Very Good,G,VS1,Feb 20
1804,Asscher,"$3,431",0.81,Very Good,F,VS1,Feb 10
1805,Asscher,"$3,433",1.09,Very Good,J,VVS2,Feb 13
1806,Asscher,"$3,454",0.91,Very Good,J,VVS1,Feb 20
1807,Asscher,"$3,465",0.91,Very Good,G,VVS1,Feb 21
1808,Asscher,"$3,468",1.00,Very Good,G,VS1,Feb 14
1809,Asscher,"$3,472",0.94,Very Good,J,VVS2,Feb 20
1810,Asscher,"$3,472",0.90,Very Good,D,VS1,Feb 16
1811,Asscher,"$3,476",0.80,Very Good,H,VVS2,Feb 9
1812,Asscher,"$3,478",1.00,Very Good,H,VVS2,Feb 20
1813,Asscher,"$3,483",1.01,Very Good,H,VS2,Feb 13
1814,Asscher,"$3,485",0.96,Very Good,I,VVS1,Feb 10
1815,Asscher,"$3,489",0.77,Very Good,D,VVS2,Feb 10
1816,Asscher,"$3,494",1.00,Very Good,F,VS2,Feb 14
1817,Asscher,"$3,495",1.01,Very Good,I,VS1,Feb 16
1818,Asscher,"$3,497",1.06,Very Good,J,VVS2,Feb 10
1819,Asscher,"$3,497",1.06,Very Good,H,VS1,Feb 17
1820,Asscher,"$3,507",0.90,Very Good,F,VS1,Feb 20
1821,Asscher,"$3,507",1.01,Very Good,H,VS1,Feb 21
1822,Asscher,"$3,509",0.90,Very Good,H,VVS2,Feb 10
1823,Asscher,"$3,509",0.90,Very Good,H,VVS2,Feb 10
1824,Asscher,"$3,514",0.85,Very Good,D,VS2,Feb 10
1825,Asscher,"$3,516",0.90,Very Good,F,VS2,Feb 10
1826,Asscher,"$3,529",1.01,Very Good,G,VS1,Feb 14
1827,Asscher,"$3,531",0.90,Very Good,H,VVS1,Feb 21
1828,Asscher,"$3,537",1.01,Very Good,I,VVS2,Feb 13
1829,Asscher,"$3,545",0.76,Very Good,G,VVS1,Feb 9
1830,Asscher,"$3,548",0.90,Very Good,E,VS1,Feb 10
1831,Asscher,"$3,548",0.90,Very Good,E,VS1,Feb 10
1832,Asscher,"$3,548",0.90,Very Good,E,VS1,Feb 10
1833,Asscher,"$3,559",0.91,Very Good,I,IF,Feb 10
1834,Asscher,"$3,560",0.90,Very Good,H,VS2,Feb 13
1835,Asscher,"$3,560",1.01,Very Good,H,VS2,Feb 16
1836,Asscher,"$3,560",0.91,Very Good,E,VVS2,Feb 16
1837,Asscher,"$3,561",1.01,Very Good,I,VS1,Feb 16
1838,Asscher,"$3,571",0.75,Very Good,E,VS1,Feb 9
1839,Asscher,"$3,574",0.80,Very Good,D,VS1,Feb 10
1840,Asscher,"$3,574",0.80,Very Good,F,VVS1,Feb 10
1841,Asscher,"$3,576",0.90,Very Good,F,VS2,Feb 10
1842,Asscher,"$3,577",1.01,Very Good,I,VS2,Feb 10
1843,Asscher,"$3,577",1.01,Very Good,I,VS2,Feb 10
1844,Asscher,"$3,577",1.01,Very Good,I,VS2,Feb 10
1845,Asscher,"$3,577",1.01,Very Good,H,SI1,Feb 13
1846,Asscher,"$3,587",0.91,Very Good,D,SI1,Feb 10
1847,Asscher,"$3,589",1.00,Very Good,F,SI1,Feb 13
1848,Asscher,"$3,590",1.01,Very Good,I,VVS1,Feb 16
1849,Asscher,"$3,591",0.92,Very Good,G,VS1,Feb 10
1850,Asscher,"$3,595",1.00,Very Good,H,VVS1,Feb 22
1851,Asscher,"$3,599",0.78,Very Good,E,VS1,Feb 27
1852,Asscher,"$3,603",0.90,Very Good,G,VVS2,Feb 21
1853,Asscher,"$3,613",0.75,Very Good,G,VVS1,Feb 20
1854,Asscher,"$3,613",1.01,Very Good,D,SI1,Feb 20
1855,Asscher,"$3,616",0.91,Very Good,F,VS2,Feb 10
1856,Asscher,"$3,617",1.01,Very Good,H,VVS2,Feb 13
1857,Asscher,"$3,621",1.01,Very Good,I,SI1,Feb 13
1858,Asscher,"$3,623",1.00,Very Good,E,SI1,Feb 17
1859,Asscher,"$3,623",1.01,Very Good,J,VS1,Feb 13
1860,Asscher,"$3,623",1.01,Very Good,J,VVS1,Feb 14
1861,Asscher,"$3,630",1.01,Very Good,G,VS2,Feb 22
1862,Asscher,"$3,630",1.09,Very Good,J,VS1,Feb 17
1863,Asscher,"$3,633",0.90,Very Good,E,SI1,Feb 10
1864,Asscher,"$3,636",0.80,Very Good,G,VS1,Feb 9
1865,Asscher,"$3,642",1.01,Very Good,I,VS1,Feb 10
1866,Asscher,"$3,646",1.00,Very Good,F,SI1,Feb 21
1867,Asscher,"$3,655",1.01,Very Good,H,VVS1,Feb 16
1868,Asscher,"$3,656",0.92,Very Good,F,VS2,Feb 10
1869,Asscher,"$3,657",1.02,Very Good,J,VVS2,Feb 13
1870,Asscher,"$3,657",0.74,Very Good,E,VVS1,Feb 17
1871,Asscher,"$3,657",0.80,Very Good,E,IF,Feb 21
1872,Asscher,"$3,658",1.01,Very Good,I,VS1,Feb 13
1873,Asscher,"$3,660",1.03,Very Good,I,VS1,Feb 10
1874,Asscher,"$3,660",1.00,Very Good,G,VS2,Feb 21
1875,Asscher,"$3,663",1.01,Very Good,H,VS1,Feb 22
1876,Asscher,"$3,663",1.01,Very Good,H,VS1,Feb 22
1877,Asscher,"$3,663",0.90,Very Good,D,VVS1,Feb 16
1878,Asscher,"$3,664",1.02,Very Good,G,VS2,Feb 22
1879,Asscher,"$3,673",0.90,Very Good,F,VVS2,Feb 21
1880,Asscher,"$3,676",0.71,Very Good,D,VVS1,Feb 9
1881,Asscher,"$3,678",1.02,Very Good,H,VS1,Feb 16
1882,Asscher,"$3,680",0.91,Very Good,E,VS2,Feb 10
1883,Asscher,"$3,691",1.03,Very Good,J,VS1,Feb 13
1884,Asscher,"$3,691",1.03,Very Good,J,VS1,Feb 13
1885,Asscher,"$3,691",1.03,Very Good,J,VS1,Feb 13
1886,Asscher,"$3,691",1.03,Very Good,J,VS1,Feb 13
1887,Asscher,"$3,696",1.01,Very Good,H,VVS2,Feb 10
1888,Asscher,"$3,696",1.01,Very Good,H,VVS2,Feb 10
1889,Asscher,"$3,696",1.01,Very Good,I,VVS1,Feb 16
1890,Asscher,"$3,701",1.01,Very Good,G,VS1,Feb 22
1891,Asscher,"$3,705",0.96,Very Good,H,VS1,Feb 10
1892,Asscher,"$3,705",0.83,Very Good,D,VS1,Feb 10
1893,Asscher,"$3,709",0.82,Very Good,E,VVS1,Feb 10
1894,Asscher,"$3,713",0.75,Very Good,D,VS1,Feb 9
1895,Asscher,"$3,713",0.75,Very Good,E,VVS2,Feb 9
1896,Asscher,"$3,713",1.01,Very Good,I,VVS1,Feb 10
1897,Asscher,"$3,713",1.01,Very Good,I,VVS1,Feb 10
1898,Asscher,"$3,714",0.90,Very Good,D,VVS2,Feb 21
1899,Asscher,"$3,720",0.92,Very Good,G,VVS2,Feb 10
1900,Asscher,"$3,722",0.75,Very Good,G,VVS1,Feb 9
1901,Asscher,"$3,722",0.92,Very Good,E,VS1,Feb 21
1902,Asscher,"$3,723",1.01,Very Good,I,VVS2,Feb 10
1903,Asscher,"$3,723",1.01,Very Good,I,VVS2,Feb 10
1904,Asscher,"$3,723",1.01,Very Good,H,VS2,Feb 13
1905,Asscher,"$3,727",1.01,Very Good,G,VS1,Feb 17
1906,Asscher,"$3,727",1.04,Very Good,J,VS1,Feb 13
1907,Asscher,"$3,732",1.01,Very Good,I,VVS1,Feb 13
1908,Asscher,"$3,738",1.01,Very Good,H,VVS1,Feb 16
1909,Asscher,"$3,742",0.91,Very Good,H,VVS1,Feb 10
1910,Asscher,"$3,760",0.75,Very Good,E,VVS1,Feb 17
1911,Asscher,"$3,768",0.82,Very Good,E,VVS2,Feb 10
1912,Asscher,"$3,769",1.04,Very Good,H,VVS1,Feb 20
1913,Asscher,"$3,788",0.90,Very Good,E,SI1,Feb 17
1914,Asscher,"$3,791",1.01,Very Good,I,IF,Feb 16
1915,Asscher,"$3,797",0.90,Very Good,F,SI1,Feb 17
1916,Asscher,"$3,806",0.77,Very Good,E,VVS2,Feb 9
1917,Asscher,"$3,807",0.80,Very Good,E,VS2,Feb 9
1918,Asscher,"$3,813",1.02,Very Good,F,SI1,Feb 10
1919,Asscher,"$3,820",1.15,Very Good,J,VS1,Feb 17
1920,Asscher,"$3,823",1.20,Very Good,J,VVS2,Feb 21
1921,Asscher,"$3,829",1.07,Very Good,I,SI1,Feb 13
1922,Asscher,"$3,830",0.92,Very Good,F,VVS2,Feb 21
1923,Asscher,"$3,831",0.90,Very Good,D,VS2,Feb 10
1924,Asscher,"$3,831",0.90,Very Good,D,VS2,Feb 10
1925,Asscher,"$3,833",1.01,Very Good,H,VS1,Feb 16
1926,Asscher,"$3,835",0.80,Very Good,G,VS1,Feb 20
1927,Asscher,"$3,839",1.01,Very Good,H,VVS2,Feb 10
1928,Asscher,"$3,849",0.83,Very Good,E,VS2,Feb 9
1929,Asscher,"$3,853",0.78,Very Good,F,VVS1,Feb 9
1930,Asscher,"$3,856",1.05,Very Good,I,VVS1,Feb 10
1931,Asscher,"$3,866",1.21,Very Good,J,VS1,Feb 10
1932,Asscher,"$3,881",1.01,Very Good,G,VVS1,Feb 14
1933,Asscher,"$3,885",1.01,Very Good,F,VS2,Feb 13
1934,Asscher,"$3,888",1.04,Very Good,D,SI1,Feb 16
1935,Asscher,"$3,895",1.01,Very Good,H,VVS2,Feb 16
1936,Asscher,"$3,901",0.96,Very Good,G,VS1,Feb 21
1937,Asscher,"$3,901",0.96,Very Good,G,VS1,Feb 21
1938,Asscher,"$3,901",1.04,Very Good,J,VVS2,Feb 13
1939,Asscher,"$3,908",1.01,Very Good,I,IF,Feb 10
1940,Asscher,"$3,923",0.91,Very Good,H,VVS2,Feb 14
1941,Asscher,"$3,927",1.08,Very Good,G,VS2,Feb 13
1942,Asscher,"$3,932",1.10,Very Good,I,SI1,Feb 13
1943,Asscher,"$3,932",1.10,Very Good,I,SI1,Feb 13
1944,Asscher,"$3,944",1.04,Very Good,J,VS1,Feb 17
1945,Asscher,"$3,946",1.01,Very Good,G,VS2,Feb 16
1946,Asscher,"$3,946",1.01,Very Good,H,VS1,Feb 16
1947,Asscher,"$3,950",1.01,Very Good,H,VS1,Feb 21
1948,Asscher,"$3,951",1.01,Very Good,H,VVS2,Feb 13
1949,Asscher,"$3,953",1.01,Very Good,D,VS1,Feb 14
1950,Asscher,"$3,957",1.01,Very Good,J,VVS1,Feb 13
1951,Asscher,"$3,971",1.01,Very Good,H,VS1,Feb 10
1952,Asscher,"$3,977",0.72,Very Good,E,IF,Feb 9
1953,Asscher,"$3,979",1.00,Very Good,G,VS2,Feb 16
1954,Asscher,"$3,981",0.97,Very Good,G,VS1,Feb 10
1955,Asscher,"$3,981",0.70,Very Good,D,IF,Feb 10
1956,Asscher,"$3,992",0.91,Very Good,G,VS1,Feb 10
1957,Asscher,"$4,005",1.02,Very Good,G,VS2,Feb 16
1958,Asscher,"$4,006",0.80,Very Good,E,VVS2,Feb 17
1959,Asscher,"$4,009",0.90,Very Good,F,VVS1,Feb 21
1960,Asscher,"$4,010",1.02,Very Good,H,VS1,Feb 10
1961,Asscher,"$4,022",1.07,Very Good,J,VVS2,Feb 13
1962,Asscher,"$4,027",1.04,Very Good,H,VS1,Feb 13
1963,Asscher,"$4,033",0.90,Very Good,F,VS1,Feb 10
1964,Asscher,"$4,037",1.00,Very Good,H,VS1,Feb 20
1965,Asscher,"$4,041",1.01,Very Good,G,VS1,Feb 16
1966,Asscher,"$4,042",1.02,Very Good,I,VVS2,Feb 13
1967,Asscher,"$4,057",0.91,Very Good,F,VS1,Feb 21
1968,Asscher,"$4,058",1.02,Very Good,G,VS2,Feb 22
1969,Asscher,"$4,059",1.05,Very Good,I,IF,Feb 10
1970,Asscher,"$4,059",1.00,Very Good,F,VS1,Feb 22
1971,Asscher,"$4,059",1.00,Very Good,H,VS1,Feb 21
1972,Asscher,"$4,068",1.02,Very Good,H,VVS1,Feb 16
1973,Asscher,"$4,072",1.01,Very Good,G,VS2,Feb 16
1974,Asscher,"$4,087",1.02,Very Good,E,SI1,Feb 10
1975,Asscher,"$4,088",1.01,Very Good,H,VVS2,Feb 21
1976,Asscher,"$4,089",0.91,Very Good,I,VVS2,Feb 20
1977,Asscher,"$4,091",0.90,Very Good,E,VS2,Feb 10
1978,Asscher,"$4,108",1.01,Very Good,G,VS1,Feb 16
1979,Asscher,"$4,111",1.01,Very Good,H,VVS2,Feb 20
1980,Asscher,"$4,119",1.07,Very Good,H,VS1,Feb 17
1981,Asscher,"$4,120",0.93,Very Good,F,VVS1,Feb 21
1982,Asscher,"$4,125",1.21,Very Good,J,VS1,Feb 10
1983,Asscher,"$4,134",1.01,Very Good,H,VVS2,Feb 16
1984,Asscher,"$4,166",1.01,Very Good,H,VVS2,Feb 10
1985,Asscher,"$4,173",0.91,Very Good,D,IF,Feb 16
1986,Asscher,"$4,174",1.05,Very Good,F,VS2,Feb 13
1987,Asscher,"$4,179",0.76,Very Good,E,IF,Feb 10
1988,Asscher,"$4,181",1.01,Very Good,E,SI1,Feb 17
1989,Asscher,"$4,182",1.21,Very Good,J,VVS2,Feb 10
1990,Asscher,"$4,183",0.90,Very Good,D,VVS2,Feb 10
1991,Asscher,"$4,184",1.01,Very Good,G,VS1,Feb 21
1992,Asscher,"$4,189",1.01,Very Good,G,VS2,Feb 10
1993,Asscher,"$4,190",0.91,Very Good,H,VVS1,Feb 9
1994,Asscher,"$4,190",1.01,Very Good,H,IF,Feb 22
1995,Asscher,"$4,190",1.12,Very Good,I,VS1,Feb 20
1996,Asscher,"$4,191",0.80,Very Good,G,VVS1,Feb 9
1997,Asscher,"$4,210",1.00,Very Good,G,VS2,Feb 13
1998,Asscher,"$4,214",0.96,Very Good,H,VVS1,Feb 14
1999,Asscher,"$4,226",1.02,Very Good,I,IF,Feb 21
